ts_utc,ticker,city,band,yes_bid,yes_ask,no_bid,no_ask,volume,kmia_obs,nyc_obs
2026-08-29T15:33Z,KXHIGHCHI-26AUG29-B80.5,CHI,B80.5,0.46,0.49,0.51,0.54,4580,81,71
2026-08-29T15:33Z,KXHIGHCHI-26AUG29-B82.5,CHI,B82.5,0.37,0.40,0.60,0.63,3976,81,71
2026-08-29T15:33Z,KXHIGHCHI-26AUG29-B84.5,CHI,B84.5,0.04,0.06,0.94,0.96,4530,81,71
2026-08-29T15:33Z,KXHIGHCHI-26AUG29-B86.5,CHI,B86.5,0.00,0.01,0.99,1.00,2458,81,71
2026-08-29T15:33Z,KXHIGHCHI-26AUG29-T80,CHI,T80,0.08,0.10,0.90,0.92,7869,81,71
2026-08-29T15:33Z,KXHIGHCHI-26AUG29-T87,CHI,T87,0.00,0.01,0.99,1.00,848,81,71
2026-08-29T15:33Z,KXHIGHCHI-26AUG30-B86.5,CHI,B86.5,0.32,0.35,0.65,0.68,29,81,71
2026-08-29T15:33Z,KXHIGHCHI-26AUG30-B88.5,CHI,B88.5,0.29,0.31,0.69,0.71,83,81,71
2026-08-29T15:33Z,KXHIGHCHI-26AUG30-B90.5,CHI,B90.5,0.08,0.10,0.90,0.92,25,81,71
2026-08-29T15:33Z,KXHIGHCHI-26AUG30-B92.5,CHI,B92.5,0.01,0.02,0.98,0.99,94,81,71
2026-08-29T15:33Z,KXHIGHCHI-26AUG30-T86,CHI,T86,0.26,0.27,0.73,0.74,269,81,71
2026-08-29T15:33Z,KXHIGHCHI-26AUG30-T93,CHI,T93,0.01,0.02,0.98,0.99,604,81,71
2026-08-29T15:33Z,KXHIGHDEN-26AUG29-B90.5,DEN,B90.5,0.39,0.40,0.60,0.61,1665,81,71
2026-08-29T15:33Z,KXHIGHDEN-26AUG29-B92.5,DEN,B92.5,0.47,0.50,0.50,0.53,1476,81,71
2026-08-29T15:33Z,KXHIGHDEN-26AUG29-B94.5,DEN,B94.5,0.04,0.05,0.95,0.96,2766,81,71
2026-08-29T15:33Z,KXHIGHDEN-26AUG29-B96.5,DEN,B96.5,0.00,0.01,0.99,1.00,876,81,71
2026-08-29T15:33Z,KXHIGHDEN-26AUG29-T90,DEN,T90,0.07,0.11,0.89,0.93,1751,81,71
2026-08-29T15:33Z,KXHIGHDEN-26AUG29-T97,DEN,T97,0.00,0.01,0.99,1.00,427,81,71
2026-08-29T15:33Z,KXHIGHDEN-26AUG30-B85.5,DEN,B85.5,0.21,0.24,0.76,0.79,10,81,71
2026-08-29T15:33Z,KXHIGHDEN-26AUG30-B87.5,DEN,B87.5,0.34,0.35,0.65,0.66,19,81,71
2026-08-29T15:33Z,KXHIGHDEN-26AUG30-B89.5,DEN,B89.5,0.22,0.29,0.71,0.78,0,81,71
2026-08-29T15:33Z,KXHIGHDEN-26AUG30-B91.5,DEN,B91.5,0.05,0.06,0.94,0.95,36,81,71
2026-08-29T15:33Z,KXHIGHDEN-26AUG30-T85,DEN,T85,0.04,0.07,0.93,0.96,46,81,71
2026-08-29T15:33Z,KXHIGHDEN-26AUG30-T92,DEN,T92,0.02,0.04,0.96,0.98,1,81,71
2026-08-29T15:33Z,KXHIGHMIA-26AUG29-B88.5,MIA,B88.5,0.20,0.21,0.79,0.80,9716,81,71
2026-08-29T15:33Z,KXHIGHMIA-26AUG29-B90.5,MIA,B90.5,0.39,0.41,0.59,0.61,9306,81,71
2026-08-29T15:33Z,KXHIGHMIA-26AUG29-B92.5,MIA,B92.5,0.11,0.12,0.88,0.89,8719,81,71
2026-08-29T15:33Z,KXHIGHMIA-26AUG29-B94.5,MIA,B94.5,0.00,0.01,0.99,1.00,6101,81,71
2026-08-29T15:33Z,KXHIGHMIA-26AUG29-T88,MIA,T88,0.25,0.28,0.72,0.75,12380,81,71
2026-08-29T15:33Z,KXHIGHMIA-26AUG29-T95,MIA,T95,0.00,0.01,0.99,1.00,1586,81,71
2026-08-29T15:33Z,KXHIGHMIA-26AUG30-B87.5,MIA,B87.5,0.03,0.04,0.96,0.97,56,81,71
2026-08-29T15:33Z,KXHIGHMIA-26AUG30-B89.5,MIA,B89.5,0.25,0.26,0.74,0.75,67,81,71
2026-08-29T15:33Z,KXHIGHMIA-26AUG30-B91.5,MIA,B91.5,0.44,0.47,0.53,0.56,162,81,71
2026-08-29T15:33Z,KXHIGHMIA-26AUG30-B93.5,MIA,B93.5,0.16,0.17,0.83,0.84,52,81,71
2026-08-29T15:33Z,KXHIGHMIA-26AUG30-T87,MIA,T87,0.03,0.04,0.96,0.97,0,81,71
2026-08-29T15:33Z,KXHIGHMIA-26AUG30-T94,MIA,T94,0.01,0.02,0.98,0.99,247,81,71
2026-08-29T15:33Z,KXHIGHNY-26AUG29-B79.5,NY,B79.5,0.30,0.32,0.68,0.70,7507,81,71
2026-08-29T15:33Z,KXHIGHNY-26AUG29-B81.5,NY,B81.5,0.05,0.07,0.93,0.95,13697,81,71
2026-08-29T15:33Z,KXHIGHNY-26AUG29-B83.5,NY,B83.5,0.00,0.01,0.99,1.00,3178,81,71
2026-08-29T15:33Z,KXHIGHNY-26AUG29-B85.5,NY,B85.5,0.00,0.01,0.99,1.00,2876,81,71
2026-08-29T15:33Z,KXHIGHNY-26AUG29-T79,NY,T79,0.63,0.64,0.36,0.37,11600,81,71
2026-08-29T15:33Z,KXHIGHNY-26AUG29-T86,NY,T86,0.00,0.01,0.99,1.00,2299,81,71
2026-08-29T15:33Z,KXHIGHNY-26AUG30-B82.5,NY,B82.5,0.38,0.39,0.61,0.62,49,81,71
2026-08-29T15:33Z,KXHIGHNY-26AUG30-B84.5,NY,B84.5,0.15,0.16,0.84,0.85,29,81,71
2026-08-29T15:33Z,KXHIGHNY-26AUG30-B86.5,NY,B86.5,0.05,0.06,0.94,0.95,96,81,71
2026-08-29T15:33Z,KXHIGHNY-26AUG30-B88.5,NY,B88.5,0.02,0.03,0.97,0.98,60,81,71
2026-08-29T15:33Z,KXHIGHNY-26AUG30-T82,NY,T82,0.30,0.31,0.69,0.70,323,81,71
2026-08-29T15:33Z,KXHIGHNY-26AUG30-T89,NY,T89,0.01,0.02,0.98,0.99,598,81,71
2026-08-29T15:47Z,KXHIGHCHI-26AUG29-B80.5,CHI,B80.5,0.46,0.47,0.53,0.54,4581,81,71
2026-08-29T15:47Z,KXHIGHCHI-26AUG29-B82.5,CHI,B82.5,0.39,0.40,0.60,0.61,4041,81,71
2026-08-29T15:47Z,KXHIGHCHI-26AUG29-B84.5,CHI,B84.5,0.04,0.05,0.95,0.96,4538,81,71
2026-08-29T15:47Z,KXHIGHCHI-26AUG29-B86.5,CHI,B86.5,0.00,0.01,0.99,1.00,2458,81,71
2026-08-29T15:47Z,KXHIGHCHI-26AUG29-T80,CHI,T80,0.09,0.12,0.88,0.91,8217,81,71
2026-08-29T15:47Z,KXHIGHCHI-26AUG29-T87,CHI,T87,0.00,0.01,0.99,1.00,848,81,71
2026-08-29T15:47Z,KXHIGHCHI-26AUG30-B86.5,CHI,B86.5,0.31,0.35,0.65,0.69,29,81,71
2026-08-29T15:47Z,KXHIGHCHI-26AUG30-B88.5,CHI,B88.5,0.30,0.31,0.69,0.70,83,81,71
2026-08-29T15:47Z,KXHIGHCHI-26AUG30-B90.5,CHI,B90.5,0.07,0.09,0.91,0.93,25,81,71
2026-08-29T15:47Z,KXHIGHCHI-26AUG30-B92.5,CHI,B92.5,0.01,0.02,0.98,0.99,94,81,71
2026-08-29T15:47Z,KXHIGHCHI-26AUG30-T86,CHI,T86,0.26,0.27,0.73,0.74,269,81,71
2026-08-29T15:47Z,KXHIGHCHI-26AUG30-T93,CHI,T93,0.01,0.02,0.98,0.99,604,81,71
2026-08-29T15:47Z,KXHIGHDEN-26AUG29-B90.5,DEN,B90.5,0.38,0.39,0.61,0.62,1672,81,71
2026-08-29T15:47Z,KXHIGHDEN-26AUG29-B92.5,DEN,B92.5,0.47,0.50,0.50,0.53,1495,81,71
2026-08-29T15:47Z,KXHIGHDEN-26AUG29-B94.5,DEN,B94.5,0.02,0.04,0.96,0.98,2922,81,71
2026-08-29T15:47Z,KXHIGHDEN-26AUG29-B96.5,DEN,B96.5,0.00,0.01,0.99,1.00,876,81,71
2026-08-29T15:47Z,KXHIGHDEN-26AUG29-T90,DEN,T90,0.07,0.13,0.87,0.93,1788,81,71
2026-08-29T15:47Z,KXHIGHDEN-26AUG29-T97,DEN,T97,0.00,0.01,0.99,1.00,427,81,71
2026-08-29T15:47Z,KXHIGHDEN-26AUG30-B85.5,DEN,B85.5,0.23,0.27,0.73,0.77,10,81,71
2026-08-29T15:47Z,KXHIGHDEN-26AUG30-B87.5,DEN,B87.5,0.32,0.35,0.65,0.68,19,81,71
2026-08-29T15:47Z,KXHIGHDEN-26AUG30-B89.5,DEN,B89.5,0.22,0.27,0.73,0.78,0,81,71
2026-08-29T15:47Z,KXHIGHDEN-26AUG30-B91.5,DEN,B91.5,0.05,0.09,0.91,0.95,36,81,71
2026-08-29T15:47Z,KXHIGHDEN-26AUG30-T85,DEN,T85,0.04,0.07,0.93,0.96,46,81,71
2026-08-29T15:47Z,KXHIGHDEN-26AUG30-T92,DEN,T92,0.02,0.04,0.96,0.98,1,81,71
2026-08-29T15:47Z,KXHIGHMIA-26AUG29-B88.5,MIA,B88.5,0.19,0.20,0.80,0.81,9905,81,71
2026-08-29T15:47Z,KXHIGHMIA-26AUG29-B90.5,MIA,B90.5,0.47,0.48,0.52,0.53,9717,81,71
2026-08-29T15:47Z,KXHIGHMIA-26AUG29-B92.5,MIA,B92.5,0.09,0.11,0.89,0.91,8908,81,71
2026-08-29T15:47Z,KXHIGHMIA-26AUG29-B94.5,MIA,B94.5,0.00,0.01,0.99,1.00,6109,81,71
2026-08-29T15:47Z,KXHIGHMIA-26AUG29-T88,MIA,T88,0.16,0.19,0.81,0.84,12734,81,71
2026-08-29T15:47Z,KXHIGHMIA-26AUG29-T95,MIA,T95,0.00,0.01,0.99,1.00,1586,81,71
2026-08-29T15:47Z,KXHIGHMIA-26AUG30-B87.5,MIA,B87.5,0.03,0.04,0.96,0.97,56,81,71
2026-08-29T15:47Z,KXHIGHMIA-26AUG30-B89.5,MIA,B89.5,0.30,0.31,0.69,0.70,83,81,71
2026-08-29T15:47Z,KXHIGHMIA-26AUG30-B91.5,MIA,B91.5,0.44,0.49,0.51,0.56,242,81,71
2026-08-29T15:47Z,KXHIGHMIA-26AUG30-B93.5,MIA,B93.5,0.15,0.16,0.84,0.85,132,81,71
2026-08-29T15:47Z,KXHIGHMIA-26AUG30-T87,MIA,T87,0.03,0.05,0.95,0.97,4,81,71
2026-08-29T15:47Z,KXHIGHMIA-26AUG30-T94,MIA,T94,0.01,0.02,0.98,0.99,247,81,71
2026-08-29T15:47Z,KXHIGHNY-26AUG29-B79.5,NY,B79.5,0.31,0.34,0.66,0.69,7687,81,71
2026-08-29T15:47Z,KXHIGHNY-26AUG29-B81.5,NY,B81.5,0.05,0.07,0.93,0.95,13885,81,71
2026-08-29T15:47Z,KXHIGHNY-26AUG29-B83.5,NY,B83.5,0.00,0.01,0.99,1.00,3178,81,71
2026-08-29T15:47Z,KXHIGHNY-26AUG29-B85.5,NY,B85.5,0.00,0.01,0.99,1.00,2876,81,71
2026-08-29T15:47Z,KXHIGHNY-26AUG29-T79,NY,T79,0.60,0.61,0.39,0.40,12031,81,71
2026-08-29T15:47Z,KXHIGHNY-26AUG29-T86,NY,T86,0.00,0.01,0.99,1.00,2299,81,71
2026-08-29T15:47Z,KXHIGHNY-26AUG30-B82.5,NY,B82.5,0.40,0.43,0.57,0.60,63,81,71
2026-08-29T15:47Z,KXHIGHNY-26AUG30-B84.5,NY,B84.5,0.15,0.16,0.84,0.85,43,81,71
2026-08-29T15:47Z,KXHIGHNY-26AUG30-B86.5,NY,B86.5,0.05,0.06,0.94,0.95,109,81,71
2026-08-29T15:47Z,KXHIGHNY-26AUG30-B88.5,NY,B88.5,0.00,0.02,0.98,1.00,818,81,71
2026-08-29T15:47Z,KXHIGHNY-26AUG30-T82,NY,T82,0.32,0.33,0.67,0.68,335,81,71
2026-08-29T15:47Z,KXHIGHNY-26AUG30-T89,NY,T89,0.00,0.01,0.99,1.00,904,81,71
2026-08-29T16:29Z,KXHIGHCHI-26AUG29-B80.5,CHI,B80.5,0.46,0.48,0.52,0.54,5177,79,72
2026-08-29T16:29Z,KXHIGHCHI-26AUG29-B82.5,CHI,B82.5,0.40,0.41,0.59,0.60,4301,79,72
2026-08-29T16:29Z,KXHIGHCHI-26AUG29-B84.5,CHI,B84.5,0.04,0.05,0.95,0.96,5037,79,72
2026-08-29T16:29Z,KXHIGHCHI-26AUG29-B86.5,CHI,B86.5,0.00,0.01,0.99,1.00,2928,79,72
2026-08-29T16:29Z,KXHIGHCHI-26AUG29-T80,CHI,T80,0.03,0.04,0.96,0.97,9276,79,72
2026-08-29T16:29Z,KXHIGHCHI-26AUG29-T87,CHI,T87,0.00,0.01,0.99,1.00,848,79,72
2026-08-29T16:29Z,KXHIGHCHI-26AUG30-B86.5,CHI,B86.5,0.33,0.34,0.66,0.67,127,79,72
2026-08-29T16:29Z,KXHIGHCHI-26AUG30-B88.5,CHI,B88.5,0.30,0.31,0.69,0.70,84,79,72
2026-08-29T16:29Z,KXHIGHCHI-26AUG30-B90.5,CHI,B90.5,0.06,0.09,0.91,0.94,29,79,72
2026-08-29T16:29Z,KXHIGHCHI-26AUG30-B92.5,CHI,B92.5,0.01,0.02,0.98,0.99,98,79,72
2026-08-29T16:29Z,KXHIGHCHI-26AUG30-T86,CHI,T86,0.27,0.28,0.72,0.73,274,79,72
2026-08-29T16:29Z,KXHIGHCHI-26AUG30-T93,CHI,T93,0.00,0.01,0.99,1.00,948,79,72
2026-08-29T16:29Z,KXHIGHDEN-26AUG29-B90.5,DEN,B90.5,0.34,0.38,0.62,0.66,1770,79,72
2026-08-29T16:29Z,KXHIGHDEN-26AUG29-B92.5,DEN,B92.5,0.49,0.52,0.48,0.51,1542,79,72
2026-08-29T16:29Z,KXHIGHDEN-26AUG29-B94.5,DEN,B94.5,0.02,0.04,0.96,0.98,2929,79,72
2026-08-29T16:29Z,KXHIGHDEN-26AUG29-B96.5,DEN,B96.5,0.00,0.01,0.99,1.00,876,79,72
2026-08-29T16:29Z,KXHIGHDEN-26AUG29-T90,DEN,T90,0.05,0.10,0.90,0.95,1809,79,72
2026-08-29T16:29Z,KXHIGHDEN-26AUG29-T97,DEN,T97,0.00,0.01,0.99,1.00,427,79,72
2026-08-29T16:29Z,KXHIGHDEN-26AUG30-B85.5,DEN,B85.5,0.23,0.29,0.71,0.77,10,79,72
2026-08-29T16:29Z,KXHIGHDEN-26AUG30-B87.5,DEN,B87.5,0.37,0.41,0.59,0.63,21,79,72
2026-08-29T16:29Z,KXHIGHDEN-26AUG30-B89.5,DEN,B89.5,0.19,0.25,0.75,0.81,0,79,72
2026-08-29T16:29Z,KXHIGHDEN-26AUG30-B91.5,DEN,B91.5,0.05,0.06,0.94,0.95,49,79,72
2026-08-29T16:29Z,KXHIGHDEN-26AUG30-T85,DEN,T85,0.06,0.07,0.93,0.94,47,79,72
2026-08-29T16:29Z,KXHIGHDEN-26AUG30-T92,DEN,T92,0.00,0.03,0.97,1.00,905,79,72
2026-08-29T16:29Z,KXHIGHMIA-26AUG29-B88.5,MIA,B88.5,0.10,0.16,0.84,0.90,11191,79,72
2026-08-29T16:29Z,KXHIGHMIA-26AUG29-B90.5,MIA,B90.5,0.21,0.23,0.77,0.79,11355,79,72
2026-08-29T16:29Z,KXHIGHMIA-26AUG29-B92.5,MIA,B92.5,0.06,0.07,0.93,0.94,9616,79,72
2026-08-29T16:29Z,KXHIGHMIA-26AUG29-B94.5,MIA,B94.5,0.00,0.01,0.99,1.00,6213,79,72
2026-08-29T16:29Z,KXHIGHMIA-26AUG29-T88,MIA,T88,0.48,0.57,0.43,0.52,14532,79,72
2026-08-29T16:29Z,KXHIGHMIA-26AUG29-T95,MIA,T95,0.00,0.01,0.99,1.00,1586,79,72
2026-08-29T16:29Z,KXHIGHMIA-26AUG30-B87.5,MIA,B87.5,0.03,0.04,0.96,0.97,60,79,72
2026-08-29T16:29Z,KXHIGHMIA-26AUG30-B89.5,MIA,B89.5,0.35,0.36,0.64,0.65,266,79,72
2026-08-29T16:29Z,KXHIGHMIA-26AUG30-B91.5,MIA,B91.5,0.43,0.44,0.56,0.57,312,79,72
2026-08-29T16:29Z,KXHIGHMIA-26AUG30-B93.5,MIA,B93.5,0.20,0.23,0.77,0.80,604,79,72
2026-08-29T16:29Z,KXHIGHMIA-26AUG30-T87,MIA,T87,0.01,0.02,0.98,0.99,480,79,72
2026-08-29T16:29Z,KXHIGHMIA-26AUG30-T94,MIA,T94,0.01,0.02,0.98,0.99,247,79,72
2026-08-29T16:29Z,KXHIGHNY-26AUG29-B79.5,NY,B79.5,0.18,0.19,0.81,0.82,8568,79,72
2026-08-29T16:29Z,KXHIGHNY-26AUG29-B81.5,NY,B81.5,0.03,0.04,0.96,0.97,14210,79,72
2026-08-29T16:29Z,KXHIGHNY-26AUG29-B83.5,NY,B83.5,0.00,0.02,0.98,1.00,4358,79,72
2026-08-29T16:29Z,KXHIGHNY-26AUG29-B85.5,NY,B85.5,0.00,0.01,0.99,1.00,2876,79,72
2026-08-29T16:29Z,KXHIGHNY-26AUG29-T79,NY,T79,0.77,0.79,0.21,0.23,14802,79,72
2026-08-29T16:29Z,KXHIGHNY-26AUG29-T86,NY,T86,0.00,0.01,0.99,1.00,2299,79,72
2026-08-29T16:29Z,KXHIGHNY-26AUG30-B82.5,NY,B82.5,0.40,0.41,0.59,0.60,120,79,72
2026-08-29T16:29Z,KXHIGHNY-26AUG30-B84.5,NY,B84.5,0.15,0.16,0.84,0.85,57,79,72
2026-08-29T16:29Z,KXHIGHNY-26AUG30-B86.5,NY,B86.5,0.06,0.07,0.93,0.94,121,79,72
2026-08-29T16:29Z,KXHIGHNY-26AUG30-B88.5,NY,B88.5,0.00,0.01,0.99,1.00,897,79,72
2026-08-29T16:29Z,KXHIGHNY-26AUG30-T82,NY,T82,0.28,0.31,0.69,0.72,520,79,72
2026-08-29T16:29Z,KXHIGHNY-26AUG30-T89,NY,T89,0.00,0.01,0.99,1.00,910,79,72
2026-08-29T16:39Z,KXHIGHCHI-26AUG29-B80.5,CHI,B80.5,0.48,0.49,0.51,0.52,5189,79,72
2026-08-29T16:39Z,KXHIGHCHI-26AUG29-B82.5,CHI,B82.5,0.41,0.43,0.57,0.59,4304,79,72
2026-08-29T16:39Z,KXHIGHCHI-26AUG29-B84.5,CHI,B84.5,0.04,0.05,0.95,0.96,5040,79,72
2026-08-29T16:39Z,KXHIGHCHI-26AUG29-B86.5,CHI,B86.5,0.00,0.01,0.99,1.00,2928,79,72
2026-08-29T16:39Z,KXHIGHCHI-26AUG29-T80,CHI,T80,0.02,0.04,0.96,0.98,9377,79,72
2026-08-29T16:39Z,KXHIGHCHI-26AUG29-T87,CHI,T87,0.00,0.01,0.99,1.00,848,79,72
2026-08-29T16:39Z,KXHIGHCHI-26AUG30-B86.5,CHI,B86.5,0.33,0.34,0.66,0.67,155,79,72
2026-08-29T16:39Z,KXHIGHCHI-26AUG30-B88.5,CHI,B88.5,0.27,0.30,0.70,0.73,84,79,72
2026-08-29T16:39Z,KXHIGHCHI-26AUG30-B90.5,CHI,B90.5,0.08,0.09,0.91,0.92,29,79,72
2026-08-29T16:39Z,KXHIGHCHI-26AUG30-B92.5,CHI,B92.5,0.01,0.02,0.98,0.99,98,79,72
2026-08-29T16:39Z,KXHIGHCHI-26AUG30-T86,CHI,T86,0.27,0.28,0.72,0.73,274,79,72
2026-08-29T16:39Z,KXHIGHCHI-26AUG30-T93,CHI,T93,0.00,0.01,0.99,1.00,948,79,72
2026-08-29T16:39Z,KXHIGHDEN-26AUG29-B90.5,DEN,B90.5,0.37,0.39,0.61,0.63,1832,79,72
2026-08-29T16:39Z,KXHIGHDEN-26AUG29-B92.5,DEN,B92.5,0.49,0.51,0.49,0.51,1542,79,72
2026-08-29T16:39Z,KXHIGHDEN-26AUG29-B94.5,DEN,B94.5,0.02,0.04,0.96,0.98,2931,79,72
2026-08-29T16:39Z,KXHIGHDEN-26AUG29-B96.5,DEN,B96.5,0.00,0.01,0.99,1.00,876,79,72
2026-08-29T16:39Z,KXHIGHDEN-26AUG29-T90,DEN,T90,0.06,0.10,0.90,0.94,1809,79,72
2026-08-29T16:39Z,KXHIGHDEN-26AUG29-T97,DEN,T97,0.00,0.01,0.99,1.00,427,79,72
2026-08-29T16:39Z,KXHIGHDEN-26AUG30-B85.5,DEN,B85.5,0.23,0.27,0.73,0.77,10,79,72
2026-08-29T16:39Z,KXHIGHDEN-26AUG30-B87.5,DEN,B87.5,0.37,0.41,0.59,0.63,21,79,72
2026-08-29T16:39Z,KXHIGHDEN-26AUG30-B89.5,DEN,B89.5,0.17,0.19,0.81,0.83,0,79,72
2026-08-29T16:39Z,KXHIGHDEN-26AUG30-B91.5,DEN,B91.5,0.05,0.06,0.94,0.95,49,79,72
2026-08-29T16:39Z,KXHIGHDEN-26AUG30-T85,DEN,T85,0.06,0.07,0.93,0.94,48,79,72
2026-08-29T16:39Z,KXHIGHDEN-26AUG30-T92,DEN,T92,0.00,0.03,0.97,1.00,905,79,72
2026-08-29T16:39Z,KXHIGHMIA-26AUG29-B88.5,MIA,B88.5,0.17,0.18,0.82,0.83,11381,79,72
2026-08-29T16:39Z,KXHIGHMIA-26AUG29-B90.5,MIA,B90.5,0.21,0.22,0.78,0.79,11437,79,72
2026-08-29T16:39Z,KXHIGHMIA-26AUG29-B92.5,MIA,B92.5,0.00,0.01,0.99,1.00,10781,79,72
2026-08-29T16:39Z,KXHIGHMIA-26AUG29-B94.5,MIA,B94.5,0.00,0.01,0.99,1.00,6218,79,72
2026-08-29T16:39Z,KXHIGHMIA-26AUG29-T88,MIA,T88,0.55,0.62,0.38,0.45,15693,79,72
2026-08-29T16:39Z,KXHIGHMIA-26AUG29-T95,MIA,T95,0.00,0.01,0.99,1.00,1590,79,72
2026-08-29T16:39Z,KXHIGHMIA-26AUG30-B87.5,MIA,B87.5,0.03,0.04,0.96,0.97,60,79,72
2026-08-29T16:39Z,KXHIGHMIA-26AUG30-B89.5,MIA,B89.5,0.35,0.36,0.64,0.65,274,79,72
2026-08-29T16:39Z,KXHIGHMIA-26AUG30-B91.5,MIA,B91.5,0.43,0.44,0.56,0.57,312,79,72
2026-08-29T16:39Z,KXHIGHMIA-26AUG30-B93.5,MIA,B93.5,0.19,0.21,0.79,0.81,614,79,72
2026-08-29T16:39Z,KXHIGHMIA-26AUG30-T87,MIA,T87,0.01,0.02,0.98,0.99,480,79,72
2026-08-29T16:39Z,KXHIGHMIA-26AUG30-T94,MIA,T94,0.01,0.02,0.98,0.99,247,79,72
2026-08-29T16:39Z,KXHIGHNY-26AUG29-B79.5,NY,B79.5,0.20,0.23,0.77,0.80,8650,79,72
2026-08-29T16:39Z,KXHIGHNY-26AUG29-B81.5,NY,B81.5,0.02,0.03,0.97,0.98,14297,79,72
2026-08-29T16:39Z,KXHIGHNY-26AUG29-B83.5,NY,B83.5,0.00,0.02,0.98,1.00,4358,79,72
2026-08-29T16:39Z,KXHIGHNY-26AUG29-B85.5,NY,B85.5,0.00,0.01,0.99,1.00,2876,79,72
2026-08-29T16:39Z,KXHIGHNY-26AUG29-T79,NY,T79,0.75,0.77,0.23,0.25,14937,79,72
2026-08-29T16:39Z,KXHIGHNY-26AUG29-T86,NY,T86,0.00,0.01,0.99,1.00,2299,79,72
2026-08-29T16:39Z,KXHIGHNY-26AUG30-B82.5,NY,B82.5,0.40,0.41,0.59,0.60,120,79,72
2026-08-29T16:39Z,KXHIGHNY-26AUG30-B84.5,NY,B84.5,0.15,0.16,0.84,0.85,57,79,72
2026-08-29T16:39Z,KXHIGHNY-26AUG30-B86.5,NY,B86.5,0.06,0.07,0.93,0.94,121,79,72
2026-08-29T16:39Z,KXHIGHNY-26AUG30-B88.5,NY,B88.5,0.00,0.01,0.99,1.00,897,79,72
2026-08-29T16:39Z,KXHIGHNY-26AUG30-T82,NY,T82,0.29,0.32,0.68,0.71,520,79,72
2026-08-29T16:39Z,KXHIGHNY-26AUG30-T89,NY,T89,0.00,0.01,0.99,1.00,910,79,72
2026-08-29T16:59Z,KXHIGHCHI-26AUG29-B80.5,CHI,B80.5,0.51,0.53,0.47,0.49,5918,79,72
2026-08-29T16:59Z,KXHIGHCHI-26AUG29-B82.5,CHI,B82.5,0.42,0.43,0.57,0.58,4478,79,72
2026-08-29T16:59Z,KXHIGHCHI-26AUG29-B84.5,CHI,B84.5,0.02,0.03,0.97,0.98,5086,79,72
2026-08-29T16:59Z,KXHIGHCHI-26AUG29-B86.5,CHI,B86.5,0.00,0.01,0.99,1.00,2928,79,72
2026-08-29T16:59Z,KXHIGHCHI-26AUG29-T80,CHI,T80,0.05,0.06,0.94,0.95,9694,79,72
2026-08-29T16:59Z,KXHIGHCHI-26AUG29-T87,CHI,T87,0.00,0.01,0.99,1.00,848,79,72
2026-08-29T16:59Z,KXHIGHCHI-26AUG30-B86.5,CHI,B86.5,0.33,0.34,0.66,0.67,162,79,72
2026-08-29T16:59Z,KXHIGHCHI-26AUG30-B88.5,CHI,B88.5,0.26,0.27,0.73,0.74,84,79,72
2026-08-29T16:59Z,KXHIGHCHI-26AUG30-B90.5,CHI,B90.5,0.07,0.09,0.91,0.93,30,79,72
2026-08-29T16:59Z,KXHIGHCHI-26AUG30-B92.5,CHI,B92.5,0.02,0.03,0.97,0.98,198,79,72
2026-08-29T16:59Z,KXHIGHCHI-26AUG30-T86,CHI,T86,0.27,0.28,0.72,0.73,274,79,72
2026-08-29T16:59Z,KXHIGHCHI-26AUG30-T93,CHI,T93,0.00,0.01,0.99,1.00,1049,79,72
2026-08-29T16:59Z,KXHIGHDEN-26AUG29-B90.5,DEN,B90.5,0.38,0.39,0.61,0.62,1840,79,72
2026-08-29T16:59Z,KXHIGHDEN-26AUG29-B92.5,DEN,B92.5,0.49,0.50,0.50,0.51,1545,79,72
2026-08-29T16:59Z,KXHIGHDEN-26AUG29-B94.5,DEN,B94.5,0.02,0.04,0.96,0.98,2932,79,72
2026-08-29T16:59Z,KXHIGHDEN-26AUG29-B96.5,DEN,B96.5,0.00,0.01,0.99,1.00,876,79,72
2026-08-29T16:59Z,KXHIGHDEN-26AUG29-T90,DEN,T90,0.06,0.10,0.90,0.94,1819,79,72
2026-08-29T16:59Z,KXHIGHDEN-26AUG29-T97,DEN,T97,0.00,0.01,0.99,1.00,427,79,72
2026-08-29T16:59Z,KXHIGHDEN-26AUG30-B85.5,DEN,B85.5,0.22,0.26,0.74,0.78,10,79,72
2026-08-29T16:59Z,KXHIGHDEN-26AUG30-B87.5,DEN,B87.5,0.37,0.41,0.59,0.63,21,79,72
2026-08-29T16:59Z,KXHIGHDEN-26AUG30-B89.5,DEN,B89.5,0.21,0.28,0.72,0.79,44,79,72
2026-08-29T16:59Z,KXHIGHDEN-26AUG30-B91.5,DEN,B91.5,0.05,0.06,0.94,0.95,49,79,72
2026-08-29T16:59Z,KXHIGHDEN-26AUG30-T85,DEN,T85,0.06,0.07,0.93,0.94,48,79,72
2026-08-29T16:59Z,KXHIGHDEN-26AUG30-T92,DEN,T92,0.00,0.02,0.98,1.00,905,79,72
2026-08-29T16:59Z,KXHIGHMIA-26AUG29-B88.5,MIA,B88.5,0.08,0.10,0.90,0.92,11981,79,72
2026-08-29T16:59Z,KXHIGHMIA-26AUG29-B90.5,MIA,B90.5,0.10,0.13,0.87,0.90,12602,79,72
2026-08-29T16:59Z,KXHIGHMIA-26AUG29-B92.5,MIA,B92.5,0.00,0.01,0.99,1.00,10967,79,72
2026-08-29T16:59Z,KXHIGHMIA-26AUG29-B94.5,MIA,B94.5,0.00,0.01,0.99,1.00,6218,79,72
2026-08-29T16:59Z,KXHIGHMIA-26AUG29-T88,MIA,T88,0.76,0.84,0.16,0.24,18122,79,72
2026-08-29T16:59Z,KXHIGHMIA-26AUG29-T95,MIA,T95,0.00,0.01,0.99,1.00,1590,79,72
2026-08-29T16:59Z,KXHIGHMIA-26AUG30-B87.5,MIA,B87.5,0.03,0.04,0.96,0.97,60,79,72
2026-08-29T16:59Z,KXHIGHMIA-26AUG30-B89.5,MIA,B89.5,0.33,0.34,0.66,0.67,334,79,72
2026-08-29T16:59Z,KXHIGHMIA-26AUG30-B91.5,MIA,B91.5,0.43,0.44,0.56,0.57,312,79,72
2026-08-29T16:59Z,KXHIGHMIA-26AUG30-B93.5,MIA,B93.5,0.19,0.20,0.80,0.81,614,79,72
2026-08-29T16:59Z,KXHIGHMIA-26AUG30-T87,MIA,T87,0.01,0.02,0.98,0.99,580,79,72
2026-08-29T16:59Z,KXHIGHMIA-26AUG30-T94,MIA,T94,0.01,0.02,0.98,0.99,347,79,72
2026-08-29T16:59Z,KXHIGHNY-26AUG29-B79.5,NY,B79.5,0.12,0.13,0.87,0.88,9080,79,72
2026-08-29T16:59Z,KXHIGHNY-26AUG29-B81.5,NY,B81.5,0.01,0.02,0.98,0.99,15799,79,72
2026-08-29T16:59Z,KXHIGHNY-26AUG29-B83.5,NY,B83.5,0.00,0.01,0.99,1.00,4358,79,72
2026-08-29T16:59Z,KXHIGHNY-26AUG29-B85.5,NY,B85.5,0.00,0.01,0.99,1.00,2876,79,72
2026-08-29T16:59Z,KXHIGHNY-26AUG29-T79,NY,T79,0.85,0.87,0.13,0.15,15530,79,72
2026-08-29T16:59Z,KXHIGHNY-26AUG29-T86,NY,T86,0.00,0.01,0.99,1.00,2299,79,72
2026-08-29T16:59Z,KXHIGHNY-26AUG30-B82.5,NY,B82.5,0.40,0.41,0.59,0.60,120,79,72
2026-08-29T16:59Z,KXHIGHNY-26AUG30-B84.5,NY,B84.5,0.15,0.18,0.82,0.85,57,79,72
2026-08-29T16:59Z,KXHIGHNY-26AUG30-B86.5,NY,B86.5,0.06,0.08,0.92,0.94,164,79,72
2026-08-29T16:59Z,KXHIGHNY-26AUG30-B88.5,NY,B88.5,0.00,0.02,0.98,1.00,997,79,72
2026-08-29T16:59Z,KXHIGHNY-26AUG30-T82,NY,T82,0.28,0.31,0.69,0.72,527,79,72
2026-08-29T16:59Z,KXHIGHNY-26AUG30-T89,NY,T89,0.00,0.01,0.99,1.00,1010,79,72
2026-08-29T17:09Z,KXHIGHCHI-26AUG29-B80.5,CHI,B80.5,0.46,0.47,0.53,0.54,6314,79,72
2026-08-29T17:09Z,KXHIGHCHI-26AUG29-B82.5,CHI,B82.5,0.48,0.49,0.51,0.52,4911,79,72
2026-08-29T17:09Z,KXHIGHCHI-26AUG29-B84.5,CHI,B84.5,0.04,0.07,0.93,0.96,5201,79,72
2026-08-29T17:09Z,KXHIGHCHI-26AUG29-B86.5,CHI,B86.5,0.00,0.01,0.99,1.00,2928,79,72
2026-08-29T17:09Z,KXHIGHCHI-26AUG29-T80,CHI,T80,0.00,0.01,0.99,1.00,10772,79,72
2026-08-29T17:09Z,KXHIGHCHI-26AUG29-T87,CHI,T87,0.00,0.01,0.99,1.00,848,79,72
2026-08-29T17:09Z,KXHIGHCHI-26AUG30-B86.5,CHI,B86.5,0.33,0.34,0.66,0.67,185,79,72
2026-08-29T17:09Z,KXHIGHCHI-26AUG30-B88.5,CHI,B88.5,0.26,0.27,0.73,0.74,84,79,72
2026-08-29T17:09Z,KXHIGHCHI-26AUG30-B90.5,CHI,B90.5,0.07,0.09,0.91,0.93,37,79,72
2026-08-29T17:09Z,KXHIGHCHI-26AUG30-B92.5,CHI,B92.5,0.02,0.03,0.97,0.98,198,79,72
2026-08-29T17:09Z,KXHIGHCHI-26AUG30-T86,CHI,T86,0.27,0.28,0.72,0.73,313,79,72
2026-08-29T17:09Z,KXHIGHCHI-26AUG30-T93,CHI,T93,0.00,0.01,0.99,1.00,1049,79,72
2026-08-29T17:09Z,KXHIGHDEN-26AUG29-B90.5,DEN,B90.5,0.31,0.33,0.67,0.69,1928,79,72
2026-08-29T17:09Z,KXHIGHDEN-26AUG29-B92.5,DEN,B92.5,0.48,0.51,0.49,0.52,1553,79,72
2026-08-29T17:09Z,KXHIGHDEN-26AUG29-B94.5,DEN,B94.5,0.03,0.05,0.95,0.97,2938,79,72
2026-08-29T17:09Z,KXHIGHDEN-26AUG29-B96.5,DEN,B96.5,0.00,0.01,0.99,1.00,878,79,72
2026-08-29T17:09Z,KXHIGHDEN-26AUG29-T90,DEN,T90,0.05,0.08,0.92,0.95,2114,79,72
2026-08-29T17:09Z,KXHIGHDEN-26AUG29-T97,DEN,T97,0.00,0.01,0.99,1.00,427,79,72
2026-08-29T17:09Z,KXHIGHDEN-26AUG30-B85.5,DEN,B85.5,0.21,0.26,0.74,0.79,10,79,72
2026-08-29T17:09Z,KXHIGHDEN-26AUG30-B87.5,DEN,B87.5,0.37,0.38,0.62,0.63,21,79,72
2026-08-29T17:09Z,KXHIGHDEN-26AUG30-B89.5,DEN,B89.5,0.21,0.24,0.76,0.79,44,79,72
2026-08-29T17:09Z,KXHIGHDEN-26AUG30-B91.5,DEN,B91.5,0.05,0.06,0.94,0.95,61,79,72
2026-08-29T17:09Z,KXHIGHDEN-26AUG30-T85,DEN,T85,0.06,0.07,0.93,0.94,48,79,72
2026-08-29T17:09Z,KXHIGHDEN-26AUG30-T92,DEN,T92,0.00,0.02,0.98,1.00,905,79,72
2026-08-29T17:09Z,KXHIGHMIA-26AUG29-B88.5,MIA,B88.5,0.07,0.08,0.92,0.93,12284,79,72
2026-08-29T17:09Z,KXHIGHMIA-26AUG29-B90.5,MIA,B90.5,0.08,0.09,0.91,0.92,13019,79,72
2026-08-29T17:09Z,KXHIGHMIA-26AUG29-B92.5,MIA,B92.5,0.00,0.01,0.99,1.00,11046,79,72
2026-08-29T17:09Z,KXHIGHMIA-26AUG29-B94.5,MIA,B94.5,0.00,0.01,0.99,1.00,6226,79,72
2026-08-29T17:09Z,KXHIGHMIA-26AUG29-T88,MIA,T88,0.75,0.79,0.21,0.25,18747,79,72
2026-08-29T17:09Z,KXHIGHMIA-26AUG29-T95,MIA,T95,0.00,0.01,0.99,1.00,1598,79,72
2026-08-29T17:09Z,KXHIGHMIA-26AUG30-B87.5,MIA,B87.5,0.03,0.04,0.96,0.97,60,79,72
2026-08-29T17:09Z,KXHIGHMIA-26AUG30-B89.5,MIA,B89.5,0.33,0.34,0.66,0.67,481,79,72
2026-08-29T17:09Z,KXHIGHMIA-26AUG30-B91.5,MIA,B91.5,0.43,0.44,0.56,0.57,312,79,72
2026-08-29T17:09Z,KXHIGHMIA-26AUG30-B93.5,MIA,B93.5,0.19,0.20,0.80,0.81,614,79,72
2026-08-29T17:09Z,KXHIGHMIA-26AUG30-T87,MIA,T87,0.01,0.02,0.98,0.99,647,79,72
2026-08-29T17:09Z,KXHIGHMIA-26AUG30-T94,MIA,T94,0.01,0.02,0.98,0.99,347,79,72
2026-08-29T17:09Z,KXHIGHNY-26AUG29-B79.5,NY,B79.5,0.15,0.18,0.82,0.85,9464,79,72
2026-08-29T17:09Z,KXHIGHNY-26AUG29-B81.5,NY,B81.5,0.02,0.03,0.97,0.98,16153,79,72
2026-08-29T17:09Z,KXHIGHNY-26AUG29-B83.5,NY,B83.5,0.00,0.01,0.99,1.00,4358,79,72
2026-08-29T17:09Z,KXHIGHNY-26AUG29-B85.5,NY,B85.5,0.00,0.01,0.99,1.00,2876,79,72
2026-08-29T17:09Z,KXHIGHNY-26AUG29-T79,NY,T79,0.79,0.82,0.18,0.21,15872,79,72
2026-08-29T17:09Z,KXHIGHNY-26AUG29-T86,NY,T86,0.00,0.01,0.99,1.00,2299,79,72
2026-08-29T17:09Z,KXHIGHNY-26AUG30-B82.5,NY,B82.5,0.39,0.41,0.59,0.61,122,79,72
2026-08-29T17:09Z,KXHIGHNY-26AUG30-B84.5,NY,B84.5,0.16,0.17,0.83,0.84,57,79,72
2026-08-29T17:09Z,KXHIGHNY-26AUG30-B86.5,NY,B86.5,0.06,0.07,0.93,0.94,164,79,72
2026-08-29T17:09Z,KXHIGHNY-26AUG30-B88.5,NY,B88.5,0.00,0.02,0.98,1.00,997,79,72
2026-08-29T17:09Z,KXHIGHNY-26AUG30-T82,NY,T82,0.30,0.31,0.69,0.70,527,79,72
2026-08-29T17:09Z,KXHIGHNY-26AUG30-T89,NY,T89,0.00,0.01,0.99,1.00,1010,79,72
2026-08-29T17:29Z,KXHIGHCHI-26AUG29-B80.5,CHI,B80.5,0.50,0.51,0.49,0.50,6785,81,73
2026-08-29T17:29Z,KXHIGHCHI-26AUG29-B82.5,CHI,B82.5,0.46,0.47,0.53,0.54,5032,81,73
2026-08-29T17:29Z,KXHIGHCHI-26AUG29-B84.5,CHI,B84.5,0.04,0.05,0.95,0.96,5731,81,73
2026-08-29T17:29Z,KXHIGHCHI-26AUG29-B86.5,CHI,B86.5,0.00,0.01,0.99,1.00,3076,81,73
2026-08-29T17:29Z,KXHIGHCHI-26AUG29-T80,CHI,T80,0.00,0.01,0.99,1.00,11272,81,73
2026-08-29T17:29Z,KXHIGHCHI-26AUG29-T87,CHI,T87,0.00,0.01,0.99,1.00,959,81,73
2026-08-29T17:29Z,KXHIGHCHI-26AUG30-B86.5,CHI,B86.5,0.33,0.34,0.66,0.67,193,81,73
2026-08-29T17:29Z,KXHIGHCHI-26AUG30-B88.5,CHI,B88.5,0.24,0.26,0.74,0.76,84,81,73
2026-08-29T17:29Z,KXHIGHCHI-26AUG30-B90.5,CHI,B90.5,0.07,0.08,0.92,0.93,37,81,73
2026-08-29T17:29Z,KXHIGHCHI-26AUG30-B92.5,CHI,B92.5,0.02,0.03,0.97,0.98,198,81,73
2026-08-29T17:29Z,KXHIGHCHI-26AUG30-T86,CHI,T86,0.31,0.32,0.68,0.69,620,81,73
2026-08-29T17:29Z,KXHIGHCHI-26AUG30-T93,CHI,T93,0.00,0.01,0.99,1.00,1049,81,73
2026-08-29T17:29Z,KXHIGHDEN-26AUG29-B90.5,DEN,B90.5,0.37,0.38,0.62,0.63,1938,81,73
2026-08-29T17:29Z,KXHIGHDEN-26AUG29-B92.5,DEN,B92.5,0.52,0.54,0.46,0.48,1603,81,73
2026-08-29T17:29Z,KXHIGHDEN-26AUG29-B94.5,DEN,B94.5,0.04,0.07,0.93,0.96,3646,81,73
2026-08-29T17:29Z,KXHIGHDEN-26AUG29-B96.5,DEN,B96.5,0.00,0.01,0.99,1.00,879,81,73
2026-08-29T17:29Z,KXHIGHDEN-26AUG29-T90,DEN,T90,0.04,0.05,0.95,0.96,2242,81,73
2026-08-29T17:29Z,KXHIGHDEN-26AUG29-T97,DEN,T97,0.00,0.01,0.99,1.00,427,81,73
2026-08-29T17:29Z,KXHIGHDEN-26AUG30-B85.5,DEN,B85.5,0.21,0.26,0.74,0.79,10,81,73
2026-08-29T17:29Z,KXHIGHDEN-26AUG30-B87.5,DEN,B87.5,0.37,0.38,0.62,0.63,29,81,73
2026-08-29T17:29Z,KXHIGHDEN-26AUG30-B89.5,DEN,B89.5,0.21,0.24,0.76,0.79,44,81,73
2026-08-29T17:29Z,KXHIGHDEN-26AUG30-B91.5,DEN,B91.5,0.05,0.07,0.93,0.95,61,81,73
2026-08-29T17:29Z,KXHIGHDEN-26AUG30-T85,DEN,T85,0.06,0.07,0.93,0.94,48,81,73
2026-08-29T17:29Z,KXHIGHDEN-26AUG30-T92,DEN,T92,0.00,0.02,0.98,1.00,905,81,73
2026-08-29T17:29Z,KXHIGHMIA-26AUG29-B88.5,MIA,B88.5,0.06,0.10,0.90,0.94,12663,81,73
2026-08-29T17:29Z,KXHIGHMIA-26AUG29-B90.5,MIA,B90.5,0.07,0.08,0.92,0.93,13303,81,73
2026-08-29T17:29Z,KXHIGHMIA-26AUG29-B92.5,MIA,B92.5,0.02,0.03,0.97,0.98,11597,81,73
2026-08-29T17:29Z,KXHIGHMIA-26AUG29-B94.5,MIA,B94.5,0.00,0.01,0.99,1.00,6226,81,73
2026-08-29T17:29Z,KXHIGHMIA-26AUG29-T88,MIA,T88,0.78,0.83,0.17,0.22,19206,81,73
2026-08-29T17:29Z,KXHIGHMIA-26AUG29-T95,MIA,T95,0.00,0.01,0.99,1.00,1598,81,73
2026-08-29T17:29Z,KXHIGHMIA-26AUG30-B87.5,MIA,B87.5,0.03,0.04,0.96,0.97,60,81,73
2026-08-29T17:29Z,KXHIGHMIA-26AUG30-B89.5,MIA,B89.5,0.35,0.36,0.64,0.65,634,81,73
2026-08-29T17:29Z,KXHIGHMIA-26AUG30-B91.5,MIA,B91.5,0.43,0.44,0.56,0.57,319,81,73
2026-08-29T17:29Z,KXHIGHMIA-26AUG30-B93.5,MIA,B93.5,0.19,0.20,0.80,0.81,672,81,73
2026-08-29T17:29Z,KXHIGHMIA-26AUG30-T87,MIA,T87,0.01,0.02,0.98,0.99,647,81,73
2026-08-29T17:29Z,KXHIGHMIA-26AUG30-T94,MIA,T94,0.01,0.02,0.98,0.99,347,81,73
2026-08-29T17:29Z,KXHIGHNY-26AUG29-B79.5,NY,B79.5,0.17,0.18,0.82,0.83,9842,81,73
2026-08-29T17:29Z,KXHIGHNY-26AUG29-B81.5,NY,B81.5,0.02,0.03,0.97,0.98,16158,81,73
2026-08-29T17:29Z,KXHIGHNY-26AUG29-B83.5,NY,B83.5,0.00,0.01,0.99,1.00,4358,81,73
2026-08-29T17:29Z,KXHIGHNY-26AUG29-B85.5,NY,B85.5,0.00,0.01,0.99,1.00,2876,81,73
2026-08-29T17:29Z,KXHIGHNY-26AUG29-T79,NY,T79,0.79,0.83,0.17,0.21,16048,81,73
2026-08-29T17:29Z,KXHIGHNY-26AUG29-T86,NY,T86,0.00,0.01,0.99,1.00,2299,81,73
2026-08-29T17:29Z,KXHIGHNY-26AUG30-B82.5,NY,B82.5,0.36,0.38,0.62,0.64,126,81,73
2026-08-29T17:29Z,KXHIGHNY-26AUG30-B84.5,NY,B84.5,0.16,0.17,0.83,0.84,57,81,73
2026-08-29T17:29Z,KXHIGHNY-26AUG30-B86.5,NY,B86.5,0.06,0.07,0.93,0.94,164,81,73
2026-08-29T17:29Z,KXHIGHNY-26AUG30-B88.5,NY,B88.5,0.00,0.02,0.98,1.00,997,81,73
2026-08-29T17:29Z,KXHIGHNY-26AUG30-T82,NY,T82,0.34,0.35,0.65,0.66,563,81,73
2026-08-29T17:29Z,KXHIGHNY-26AUG30-T89,NY,T89,0.00,0.01,0.99,1.00,1010,81,73
2026-08-29T17:39Z,KXHIGHCHI-26AUG29-B80.5,CHI,B80.5,0.53,0.56,0.44,0.47,7304,81,73
2026-08-29T17:39Z,KXHIGHCHI-26AUG29-B82.5,CHI,B82.5,0.43,0.44,0.56,0.57,5235,81,73
2026-08-29T17:39Z,KXHIGHCHI-26AUG29-B84.5,CHI,B84.5,0.03,0.05,0.95,0.97,5819,81,73
2026-08-29T17:39Z,KXHIGHCHI-26AUG29-B86.5,CHI,B86.5,0.00,0.01,0.99,1.00,3076,81,73
2026-08-29T17:39Z,KXHIGHCHI-26AUG29-T80,CHI,T80,0.00,0.01,0.99,1.00,11488,81,73
2026-08-29T17:39Z,KXHIGHCHI-26AUG29-T87,CHI,T87,0.00,0.01,0.99,1.00,959,81,73
2026-08-29T17:39Z,KXHIGHCHI-26AUG30-B86.5,CHI,B86.5,0.33,0.34,0.66,0.67,198,81,73
2026-08-29T17:39Z,KXHIGHCHI-26AUG30-B88.5,CHI,B88.5,0.25,0.26,0.74,0.75,84,81,73
2026-08-29T17:39Z,KXHIGHCHI-26AUG30-B90.5,CHI,B90.5,0.07,0.08,0.92,0.93,37,81,73
2026-08-29T17:39Z,KXHIGHCHI-26AUG30-B92.5,CHI,B92.5,0.02,0.03,0.97,0.98,198,81,73
2026-08-29T17:39Z,KXHIGHCHI-26AUG30-T86,CHI,T86,0.31,0.32,0.68,0.69,620,81,73
2026-08-29T17:39Z,KXHIGHCHI-26AUG30-T93,CHI,T93,0.00,0.01,0.99,1.00,1049,81,73
2026-08-29T17:39Z,KXHIGHDEN-26AUG29-B90.5,DEN,B90.5,0.35,0.36,0.64,0.65,1957,81,73
2026-08-29T17:39Z,KXHIGHDEN-26AUG29-B92.5,DEN,B92.5,0.53,0.54,0.46,0.47,1607,81,73
2026-08-29T17:39Z,KXHIGHDEN-26AUG29-B94.5,DEN,B94.5,0.04,0.05,0.95,0.96,3665,81,73
2026-08-29T17:39Z,KXHIGHDEN-26AUG29-B96.5,DEN,B96.5,0.00,0.01,0.99,1.00,879,81,73
2026-08-29T17:39Z,KXHIGHDEN-26AUG29-T90,DEN,T90,0.04,0.05,0.95,0.96,2243,81,73
2026-08-29T17:39Z,KXHIGHDEN-26AUG29-T97,DEN,T97,0.00,0.01,0.99,1.00,427,81,73
2026-08-29T17:39Z,KXHIGHDEN-26AUG30-B85.5,DEN,B85.5,0.22,0.26,0.74,0.78,10,81,73
2026-08-29T17:39Z,KXHIGHDEN-26AUG30-B87.5,DEN,B87.5,0.38,0.39,0.61,0.62,31,81,73
2026-08-29T17:39Z,KXHIGHDEN-26AUG30-B89.5,DEN,B89.5,0.20,0.24,0.76,0.80,44,81,73
2026-08-29T17:39Z,KXHIGHDEN-26AUG30-B91.5,DEN,B91.5,0.05,0.07,0.93,0.95,61,81,73
2026-08-29T17:39Z,KXHIGHDEN-26AUG30-T85,DEN,T85,0.06,0.07,0.93,0.94,48,81,73
2026-08-29T17:39Z,KXHIGHDEN-26AUG30-T92,DEN,T92,0.00,0.02,0.98,1.00,905,81,73
2026-08-29T17:39Z,KXHIGHMIA-26AUG29-B88.5,MIA,B88.5,0.06,0.10,0.90,0.94,12681,81,73
2026-08-29T17:39Z,KXHIGHMIA-26AUG29-B90.5,MIA,B90.5,0.07,0.09,0.91,0.93,13447,81,73
2026-08-29T17:39Z,KXHIGHMIA-26AUG29-B92.5,MIA,B92.5,0.02,0.03,0.97,0.98,12154,81,73
2026-08-29T17:39Z,KXHIGHMIA-26AUG29-B94.5,MIA,B94.5,0.00,0.01,0.99,1.00,6226,81,73
2026-08-29T17:39Z,KXHIGHMIA-26AUG29-T88,MIA,T88,0.81,0.84,0.16,0.19,19214,81,73
2026-08-29T17:39Z,KXHIGHMIA-26AUG29-T95,MIA,T95,0.00,0.01,0.99,1.00,1598,81,73
2026-08-29T17:39Z,KXHIGHMIA-26AUG30-B87.5,MIA,B87.5,0.04,0.05,0.95,0.96,90,81,73
2026-08-29T17:39Z,KXHIGHMIA-26AUG30-B89.5,MIA,B89.5,0.32,0.35,0.65,0.68,695,81,73
2026-08-29T17:39Z,KXHIGHMIA-26AUG30-B91.5,MIA,B91.5,0.43,0.44,0.56,0.57,322,81,73
2026-08-29T17:39Z,KXHIGHMIA-26AUG30-B93.5,MIA,B93.5,0.18,0.20,0.80,0.82,686,81,73
2026-08-29T17:39Z,KXHIGHMIA-26AUG30-T87,MIA,T87,0.01,0.02,0.98,0.99,776,81,73
2026-08-29T17:39Z,KXHIGHMIA-26AUG30-T94,MIA,T94,0.01,0.02,0.98,0.99,347,81,73
2026-08-29T17:39Z,KXHIGHNY-26AUG29-B79.5,NY,B79.5,0.19,0.21,0.79,0.81,10396,81,73
2026-08-29T17:39Z,KXHIGHNY-26AUG29-B81.5,NY,B81.5,0.01,0.02,0.98,0.99,16779,81,73
2026-08-29T17:39Z,KXHIGHNY-26AUG29-B83.5,NY,B83.5,0.00,0.01,0.99,1.00,4358,81,73
2026-08-29T17:39Z,KXHIGHNY-26AUG29-B85.5,NY,B85.5,0.00,0.01,0.99,1.00,2876,81,73
2026-08-29T17:39Z,KXHIGHNY-26AUG29-T79,NY,T79,0.79,0.81,0.19,0.21,16202,81,73
2026-08-29T17:39Z,KXHIGHNY-26AUG29-T86,NY,T86,0.00,0.01,0.99,1.00,2299,81,73
2026-08-29T17:39Z,KXHIGHNY-26AUG30-B82.5,NY,B82.5,0.38,0.41,0.59,0.62,222,81,73
2026-08-29T17:39Z,KXHIGHNY-26AUG30-B84.5,NY,B84.5,0.15,0.17,0.83,0.85,57,81,73
2026-08-29T17:39Z,KXHIGHNY-26AUG30-B86.5,NY,B86.5,0.06,0.07,0.93,0.94,166,81,73
2026-08-29T17:39Z,KXHIGHNY-26AUG30-B88.5,NY,B88.5,0.00,0.02,0.98,1.00,997,81,73
2026-08-29T17:39Z,KXHIGHNY-26AUG30-T82,NY,T82,0.34,0.37,0.63,0.66,611,81,73
2026-08-29T17:39Z,KXHIGHNY-26AUG30-T89,NY,T89,0.00,0.01,0.99,1.00,1010,81,73
2026-08-29T17:49Z,KXHIGHCHI-26AUG29-B80.5,CHI,B80.5,0.57,0.59,0.41,0.43,7573,81,73
2026-08-29T17:49Z,KXHIGHCHI-26AUG29-B82.5,CHI,B82.5,0.41,0.42,0.58,0.59,5558,81,73
2026-08-29T17:49Z,KXHIGHCHI-26AUG29-B84.5,CHI,B84.5,0.03,0.07,0.93,0.97,5930,81,73
2026-08-29T17:49Z,KXHIGHCHI-26AUG29-B86.5,CHI,B86.5,0.00,0.01,0.99,1.00,3130,81,73
2026-08-29T17:49Z,KXHIGHCHI-26AUG29-T80,CHI,T80,0.00,0.01,0.99,1.00,11488,81,73
2026-08-29T17:49Z,KXHIGHCHI-26AUG29-T87,CHI,T87,0.00,0.01,0.99,1.00,959,81,73
2026-08-29T17:49Z,KXHIGHCHI-26AUG30-B86.5,CHI,B86.5,0.33,0.34,0.66,0.67,202,81,73
2026-08-29T17:49Z,KXHIGHCHI-26AUG30-B88.5,CHI,B88.5,0.25,0.26,0.74,0.75,84,81,73
2026-08-29T17:49Z,KXHIGHCHI-26AUG30-B90.5,CHI,B90.5,0.07,0.08,0.92,0.93,37,81,73
2026-08-29T17:49Z,KXHIGHCHI-26AUG30-B92.5,CHI,B92.5,0.02,0.03,0.97,0.98,198,81,73
2026-08-29T17:49Z,KXHIGHCHI-26AUG30-T86,CHI,T86,0.31,0.32,0.68,0.69,620,81,73
2026-08-29T17:49Z,KXHIGHCHI-26AUG30-T93,CHI,T93,0.00,0.01,0.99,1.00,1049,81,73
2026-08-29T17:49Z,KXHIGHDEN-26AUG29-B90.5,DEN,B90.5,0.35,0.38,0.62,0.65,1961,81,73
2026-08-29T17:49Z,KXHIGHDEN-26AUG29-B92.5,DEN,B92.5,0.51,0.52,0.48,0.49,1615,81,73
2026-08-29T17:49Z,KXHIGHDEN-26AUG29-B94.5,DEN,B94.5,0.04,0.05,0.95,0.96,3669,81,73
2026-08-29T17:49Z,KXHIGHDEN-26AUG29-B96.5,DEN,B96.5,0.00,0.01,0.99,1.00,879,81,73
2026-08-29T17:49Z,KXHIGHDEN-26AUG29-T90,DEN,T90,0.04,0.05,0.95,0.96,2252,81,73
2026-08-29T17:49Z,KXHIGHDEN-26AUG29-T97,DEN,T97,0.00,0.01,0.99,1.00,427,81,73
2026-08-29T17:49Z,KXHIGHDEN-26AUG30-B85.5,DEN,B85.5,0.22,0.26,0.74,0.78,10,81,73
2026-08-29T17:49Z,KXHIGHDEN-26AUG30-B87.5,DEN,B87.5,0.38,0.39,0.61,0.62,36,81,73
2026-08-29T17:49Z,KXHIGHDEN-26AUG30-B89.5,DEN,B89.5,0.21,0.24,0.76,0.79,44,81,73
2026-08-29T17:49Z,KXHIGHDEN-26AUG30-B91.5,DEN,B91.5,0.05,0.07,0.93,0.95,61,81,73
2026-08-29T17:49Z,KXHIGHDEN-26AUG30-T85,DEN,T85,0.06,0.07,0.93,0.94,48,81,73
2026-08-29T17:49Z,KXHIGHDEN-26AUG30-T92,DEN,T92,0.00,0.02,0.98,1.00,905,81,73
2026-08-29T17:49Z,KXHIGHMIA-26AUG29-B88.5,MIA,B88.5,0.10,0.11,0.89,0.90,12834,81,73
2026-08-29T17:49Z,KXHIGHMIA-26AUG29-B90.5,MIA,B90.5,0.07,0.10,0.90,0.93,13638,81,73
2026-08-29T17:49Z,KXHIGHMIA-26AUG29-B92.5,MIA,B92.5,0.00,0.02,0.98,1.00,12413,81,73
2026-08-29T17:49Z,KXHIGHMIA-26AUG29-B94.5,MIA,B94.5,0.00,0.01,0.99,1.00,6226,81,73
2026-08-29T17:49Z,KXHIGHMIA-26AUG29-T88,MIA,T88,0.80,0.81,0.19,0.20,19247,81,73
2026-08-29T17:49Z,KXHIGHMIA-26AUG29-T95,MIA,T95,0.00,0.01,0.99,1.00,1598,81,73
2026-08-29T17:49Z,KXHIGHMIA-26AUG30-B87.5,MIA,B87.5,0.04,0.05,0.95,0.96,90,81,73
2026-08-29T17:49Z,KXHIGHMIA-26AUG30-B89.5,MIA,B89.5,0.32,0.36,0.64,0.68,697,81,73
2026-08-29T17:49Z,KXHIGHMIA-26AUG30-B91.5,MIA,B91.5,0.43,0.44,0.56,0.57,325,81,73
2026-08-29T17:49Z,KXHIGHMIA-26AUG30-B93.5,MIA,B93.5,0.18,0.19,0.81,0.82,686,81,73
2026-08-29T17:49Z,KXHIGHMIA-26AUG30-T87,MIA,T87,0.01,0.02,0.98,0.99,788,81,73
2026-08-29T17:49Z,KXHIGHMIA-26AUG30-T94,MIA,T94,0.01,0.02,0.98,0.99,347,81,73
2026-08-29T17:49Z,KXHIGHNY-26AUG29-B79.5,NY,B79.5,0.17,0.18,0.82,0.83,10894,81,73
2026-08-29T17:49Z,KXHIGHNY-26AUG29-B81.5,NY,B81.5,0.01,0.02,0.98,0.99,16826,81,73
2026-08-29T17:49Z,KXHIGHNY-26AUG29-B83.5,NY,B83.5,0.00,0.01,0.99,1.00,4397,81,73
2026-08-29T17:49Z,KXHIGHNY-26AUG29-B85.5,NY,B85.5,0.00,0.01,0.99,1.00,2876,81,73
2026-08-29T17:49Z,KXHIGHNY-26AUG29-T79,NY,T79,0.81,0.85,0.15,0.19,16456,81,73
2026-08-29T17:49Z,KXHIGHNY-26AUG29-T86,NY,T86,0.00,0.01,0.99,1.00,2299,81,73
2026-08-29T17:49Z,KXHIGHNY-26AUG30-B82.5,NY,B82.5,0.38,0.40,0.60,0.62,222,81,73
2026-08-29T17:49Z,KXHIGHNY-26AUG30-B84.5,NY,B84.5,0.15,0.16,0.84,0.85,57,81,73
2026-08-29T17:49Z,KXHIGHNY-26AUG30-B86.5,NY,B86.5,0.06,0.07,0.93,0.94,166,81,73
2026-08-29T17:49Z,KXHIGHNY-26AUG30-B88.5,NY,B88.5,0.00,0.02,0.98,1.00,997,81,73
2026-08-29T17:49Z,KXHIGHNY-26AUG30-T82,NY,T82,0.37,0.38,0.62,0.63,625,81,73
2026-08-29T17:49Z,KXHIGHNY-26AUG30-T89,NY,T89,0.00,0.01,0.99,1.00,1010,81,73
2026-08-29T17:59Z,KXHIGHCHI-26AUG29-B80.5,CHI,B80.5,0.55,0.56,0.44,0.45,7939,81,73
2026-08-29T17:59Z,KXHIGHCHI-26AUG29-B82.5,CHI,B82.5,0.41,0.46,0.54,0.59,6192,81,73
2026-08-29T17:59Z,KXHIGHCHI-26AUG29-B84.5,CHI,B84.5,0.03,0.05,0.95,0.97,6124,81,73
2026-08-29T17:59Z,KXHIGHCHI-26AUG29-B86.5,CHI,B86.5,0.00,0.01,0.99,1.00,3130,81,73
2026-08-29T17:59Z,KXHIGHCHI-26AUG29-T80,CHI,T80,0.00,0.01,0.99,1.00,11488,81,73
2026-08-29T17:59Z,KXHIGHCHI-26AUG29-T87,CHI,T87,0.00,0.01,0.99,1.00,959,81,73
2026-08-29T17:59Z,KXHIGHCHI-26AUG30-B86.5,CHI,B86.5,0.33,0.34,0.66,0.67,209,81,73
2026-08-29T17:59Z,KXHIGHCHI-26AUG30-B88.5,CHI,B88.5,0.24,0.26,0.74,0.76,85,81,73
2026-08-29T17:59Z,KXHIGHCHI-26AUG30-B90.5,CHI,B90.5,0.07,0.09,0.91,0.93,37,81,73
2026-08-29T17:59Z,KXHIGHCHI-26AUG30-B92.5,CHI,B92.5,0.02,0.03,0.97,0.98,198,81,73
2026-08-29T17:59Z,KXHIGHCHI-26AUG30-T86,CHI,T86,0.31,0.32,0.68,0.69,620,81,73
2026-08-29T17:59Z,KXHIGHCHI-26AUG30-T93,CHI,T93,0.00,0.01,0.99,1.00,1049,81,73
2026-08-29T17:59Z,KXHIGHDEN-26AUG29-B90.5,DEN,B90.5,0.38,0.39,0.61,0.62,1970,81,73
2026-08-29T17:59Z,KXHIGHDEN-26AUG29-B92.5,DEN,B92.5,0.50,0.51,0.49,0.50,1640,81,73
2026-08-29T17:59Z,KXHIGHDEN-26AUG29-B94.5,DEN,B94.5,0.04,0.05,0.95,0.96,3674,81,73
2026-08-29T17:59Z,KXHIGHDEN-26AUG29-B96.5,DEN,B96.5,0.00,0.01,0.99,1.00,879,81,73
2026-08-29T17:59Z,KXHIGHDEN-26AUG29-T90,DEN,T90,0.04,0.05,0.95,0.96,2252,81,73
2026-08-29T17:59Z,KXHIGHDEN-26AUG29-T97,DEN,T97,0.00,0.01,0.99,1.00,427,81,73
2026-08-29T17:59Z,KXHIGHDEN-26AUG30-B85.5,DEN,B85.5,0.10,0.26,0.74,0.90,10,81,73
2026-08-29T17:59Z,KXHIGHDEN-26AUG30-B87.5,DEN,B87.5,0.38,0.39,0.61,0.62,42,81,73
2026-08-29T17:59Z,KXHIGHDEN-26AUG30-B89.5,DEN,B89.5,0.21,0.24,0.76,0.79,44,81,73
2026-08-29T17:59Z,KXHIGHDEN-26AUG30-B91.5,DEN,B91.5,0.05,0.07,0.93,0.95,61,81,73
2026-08-29T17:59Z,KXHIGHDEN-26AUG30-T85,DEN,T85,0.06,0.07,0.93,0.94,48,81,73
2026-08-29T17:59Z,KXHIGHDEN-26AUG30-T92,DEN,T92,0.00,0.02,0.98,1.00,905,81,73
2026-08-29T17:59Z,KXHIGHMIA-26AUG29-B88.5,MIA,B88.5,0.05,0.06,0.94,0.95,13088,81,73
2026-08-29T17:59Z,KXHIGHMIA-26AUG29-B90.5,MIA,B90.5,0.04,0.06,0.94,0.96,13768,81,73
2026-08-29T17:59Z,KXHIGHMIA-26AUG29-B92.5,MIA,B92.5,0.00,0.02,0.98,1.00,13138,81,73
2026-08-29T17:59Z,KXHIGHMIA-26AUG29-B94.5,MIA,B94.5,0.00,0.01,0.99,1.00,6226,81,73
2026-08-29T17:59Z,KXHIGHMIA-26AUG29-T88,MIA,T88,0.83,0.87,0.13,0.17,19390,81,73
2026-08-29T17:59Z,KXHIGHMIA-26AUG29-T95,MIA,T95,0.00,0.01,0.99,1.00,1598,81,73
2026-08-29T17:59Z,KXHIGHMIA-26AUG30-B87.5,MIA,B87.5,0.04,0.05,0.95,0.96,92,81,73
2026-08-29T17:59Z,KXHIGHMIA-26AUG30-B89.5,MIA,B89.5,0.33,0.34,0.66,0.67,697,81,73
2026-08-29T17:59Z,KXHIGHMIA-26AUG30-B91.5,MIA,B91.5,0.43,0.44,0.56,0.57,331,81,73
2026-08-29T17:59Z,KXHIGHMIA-26AUG30-B93.5,MIA,B93.5,0.18,0.19,0.81,0.82,686,81,73
2026-08-29T17:59Z,KXHIGHMIA-26AUG30-T87,MIA,T87,0.01,0.02,0.98,0.99,788,81,73
2026-08-29T17:59Z,KXHIGHMIA-26AUG30-T94,MIA,T94,0.01,0.02,0.98,0.99,347,81,73
2026-08-29T17:59Z,KXHIGHNY-26AUG29-B79.5,NY,B79.5,0.29,0.43,0.57,0.71,11926,81,73
2026-08-29T17:59Z,KXHIGHNY-26AUG29-B81.5,NY,B81.5,0.01,0.03,0.97,0.99,16933,81,73
2026-08-29T17:59Z,KXHIGHNY-26AUG29-B83.5,NY,B83.5,0.00,0.01,0.99,1.00,4397,81,73
2026-08-29T17:59Z,KXHIGHNY-26AUG29-B85.5,NY,B85.5,0.00,0.01,0.99,1.00,2876,81,73
2026-08-29T17:59Z,KXHIGHNY-26AUG29-T79,NY,T79,0.58,0.71,0.29,0.42,16846,81,73
2026-08-29T17:59Z,KXHIGHNY-26AUG29-T86,NY,T86,0.00,0.01,0.99,1.00,2299,81,73
2026-08-29T17:59Z,KXHIGHNY-26AUG30-B82.5,NY,B82.5,0.37,0.41,0.59,0.63,223,81,73
2026-08-29T17:59Z,KXHIGHNY-26AUG30-B84.5,NY,B84.5,0.15,0.16,0.84,0.85,57,81,73
2026-08-29T17:59Z,KXHIGHNY-26AUG30-B86.5,NY,B86.5,0.06,0.07,0.93,0.94,166,81,73
2026-08-29T17:59Z,KXHIGHNY-26AUG30-B88.5,NY,B88.5,0.00,0.02,0.98,1.00,997,81,73
2026-08-29T17:59Z,KXHIGHNY-26AUG30-T82,NY,T82,0.37,0.38,0.62,0.63,882,81,73
2026-08-29T17:59Z,KXHIGHNY-26AUG30-T89,NY,T89,0.00,0.01,0.99,1.00,1012,81,73
2026-08-29T18:11Z,KXHIGHCHI-26AUG29-B80.5,CHI,B80.5,0.51,0.55,0.45,0.49,8330,81,73
2026-08-29T18:11Z,KXHIGHCHI-26AUG29-B82.5,CHI,B82.5,0.43,0.46,0.54,0.57,6475,81,73
2026-08-29T18:11Z,KXHIGHCHI-26AUG29-B84.5,CHI,B84.5,0.00,0.01,0.99,1.00,7070,81,73
2026-08-29T18:11Z,KXHIGHCHI-26AUG29-B86.5,CHI,B86.5,0.00,0.01,0.99,1.00,3130,81,73
2026-08-29T18:11Z,KXHIGHCHI-26AUG29-T80,CHI,T80,0.00,0.01,0.99,1.00,11588,81,73
2026-08-29T18:11Z,KXHIGHCHI-26AUG29-T87,CHI,T87,0.00,0.01,0.99,1.00,959,81,73
2026-08-29T18:11Z,KXHIGHCHI-26AUG30-B86.5,CHI,B86.5,0.33,0.34,0.66,0.67,209,81,73
2026-08-29T18:11Z,KXHIGHCHI-26AUG30-B88.5,CHI,B88.5,0.24,0.25,0.75,0.76,86,81,73
2026-08-29T18:11Z,KXHIGHCHI-26AUG30-B90.5,CHI,B90.5,0.07,0.08,0.92,0.93,40,81,73
2026-08-29T18:11Z,KXHIGHCHI-26AUG30-B92.5,CHI,B92.5,0.02,0.03,0.97,0.98,198,81,73
2026-08-29T18:11Z,KXHIGHCHI-26AUG30-T86,CHI,T86,0.33,0.34,0.66,0.67,726,81,73
2026-08-29T18:11Z,KXHIGHCHI-26AUG30-T93,CHI,T93,0.00,0.01,0.99,1.00,1049,81,73
2026-08-29T18:11Z,KXHIGHDEN-26AUG29-B90.5,DEN,B90.5,0.39,0.40,0.60,0.61,2001,81,73
2026-08-29T18:11Z,KXHIGHDEN-26AUG29-B92.5,DEN,B92.5,0.49,0.51,0.49,0.51,1684,81,73
2026-08-29T18:11Z,KXHIGHDEN-26AUG29-B94.5,DEN,B94.5,0.00,0.02,0.98,1.00,3935,81,73
2026-08-29T18:11Z,KXHIGHDEN-26AUG29-B96.5,DEN,B96.5,0.00,0.01,0.99,1.00,879,81,73
2026-08-29T18:11Z,KXHIGHDEN-26AUG29-T90,DEN,T90,0.05,0.06,0.94,0.95,2271,81,73
2026-08-29T18:11Z,KXHIGHDEN-26AUG29-T97,DEN,T97,0.00,0.01,0.99,1.00,427,81,73
2026-08-29T18:11Z,KXHIGHDEN-26AUG30-B85.5,DEN,B85.5,0.21,0.26,0.74,0.79,12,81,73
2026-08-29T18:11Z,KXHIGHDEN-26AUG30-B87.5,DEN,B87.5,0.37,0.38,0.62,0.63,44,81,73
2026-08-29T18:11Z,KXHIGHDEN-26AUG30-B89.5,DEN,B89.5,0.23,0.24,0.76,0.77,46,81,73
2026-08-29T18:11Z,KXHIGHDEN-26AUG30-B91.5,DEN,B91.5,0.06,0.07,0.93,0.94,114,81,73
2026-08-29T18:11Z,KXHIGHDEN-26AUG30-T85,DEN,T85,0.06,0.07,0.93,0.94,50,81,73
2026-08-29T18:11Z,KXHIGHDEN-26AUG30-T92,DEN,T92,0.00,0.02,0.98,1.00,905,81,73
2026-08-29T18:11Z,KXHIGHMIA-26AUG29-B88.5,MIA,B88.5,0.04,0.06,0.94,0.96,13317,81,73
2026-08-29T18:11Z,KXHIGHMIA-26AUG29-B90.5,MIA,B90.5,0.05,0.06,0.94,0.95,14595,81,73
2026-08-29T18:11Z,KXHIGHMIA-26AUG29-B92.5,MIA,B92.5,0.00,0.01,0.99,1.00,13215,81,73
2026-08-29T18:11Z,KXHIGHMIA-26AUG29-B94.5,MIA,B94.5,0.00,0.01,0.99,1.00,6226,81,73
2026-08-29T18:11Z,KXHIGHMIA-26AUG29-T88,MIA,T88,0.86,0.91,0.09,0.14,20288,81,73
2026-08-29T18:11Z,KXHIGHMIA-26AUG29-T95,MIA,T95,0.00,0.01,0.99,1.00,1598,81,73
2026-08-29T18:11Z,KXHIGHMIA-26AUG30-B87.5,MIA,B87.5,0.04,0.05,0.95,0.96,92,81,73
2026-08-29T18:11Z,KXHIGHMIA-26AUG30-B89.5,MIA,B89.5,0.33,0.34,0.66,0.67,699,81,73
2026-08-29T18:11Z,KXHIGHMIA-26AUG30-B91.5,MIA,B91.5,0.41,0.42,0.58,0.59,351,81,73
2026-08-29T18:11Z,KXHIGHMIA-26AUG30-B93.5,MIA,B93.5,0.18,0.19,0.81,0.82,686,81,73
2026-08-29T18:11Z,KXHIGHMIA-26AUG30-T87,MIA,T87,0.01,0.02,0.98,0.99,788,81,73
2026-08-29T18:11Z,KXHIGHMIA-26AUG30-T94,MIA,T94,0.01,0.02,0.98,0.99,347,81,73
2026-08-29T18:11Z,KXHIGHNY-26AUG29-B79.5,NY,B79.5,0.26,0.27,0.73,0.74,12435,81,73
2026-08-29T18:11Z,KXHIGHNY-26AUG29-B81.5,NY,B81.5,0.01,0.02,0.98,0.99,16991,81,73
2026-08-29T18:11Z,KXHIGHNY-26AUG29-B83.5,NY,B83.5,0.00,0.01,0.99,1.00,4397,81,73
2026-08-29T18:11Z,KXHIGHNY-26AUG29-B85.5,NY,B85.5,0.00,0.01,0.99,1.00,2876,81,73
2026-08-29T18:11Z,KXHIGHNY-26AUG29-T79,NY,T79,0.74,0.75,0.25,0.26,17398,81,73
2026-08-29T18:11Z,KXHIGHNY-26AUG29-T86,NY,T86,0.00,0.01,0.99,1.00,2299,81,73
2026-08-29T18:11Z,KXHIGHNY-26AUG30-B82.5,NY,B82.5,0.35,0.36,0.64,0.65,228,81,73
2026-08-29T18:11Z,KXHIGHNY-26AUG30-B84.5,NY,B84.5,0.15,0.16,0.84,0.85,57,81,73
2026-08-29T18:11Z,KXHIGHNY-26AUG30-B86.5,NY,B86.5,0.06,0.07,0.93,0.94,166,81,73
2026-08-29T18:11Z,KXHIGHNY-26AUG30-B88.5,NY,B88.5,0.00,0.01,0.99,1.00,997,81,73
2026-08-29T18:11Z,KXHIGHNY-26AUG30-T82,NY,T82,0.43,0.45,0.55,0.57,1530,81,73
2026-08-29T18:11Z,KXHIGHNY-26AUG30-T89,NY,T89,0.00,0.01,0.99,1.00,1012,81,73
2026-08-29T18:19Z,KXHIGHCHI-26AUG29-B80.5,CHI,B80.5,0.60,0.61,0.39,0.40,8958,81,75
2026-08-29T18:19Z,KXHIGHCHI-26AUG29-B82.5,CHI,B82.5,0.40,0.41,0.59,0.60,6676,81,75
2026-08-29T18:19Z,KXHIGHCHI-26AUG29-B84.5,CHI,B84.5,0.00,0.01,0.99,1.00,7070,81,75
2026-08-29T18:19Z,KXHIGHCHI-26AUG29-B86.5,CHI,B86.5,0.00,0.01,0.99,1.00,3130,81,75
2026-08-29T18:19Z,KXHIGHCHI-26AUG29-T80,CHI,T80,0.00,0.01,0.99,1.00,11588,81,75
2026-08-29T18:19Z,KXHIGHCHI-26AUG29-T87,CHI,T87,0.00,0.01,0.99,1.00,959,81,75
2026-08-29T18:19Z,KXHIGHCHI-26AUG30-B86.5,CHI,B86.5,0.31,0.32,0.68,0.69,209,81,75
2026-08-29T18:19Z,KXHIGHCHI-26AUG30-B88.5,CHI,B88.5,0.24,0.25,0.75,0.76,86,81,75
2026-08-29T18:19Z,KXHIGHCHI-26AUG30-B90.5,CHI,B90.5,0.07,0.08,0.92,0.93,40,81,75
2026-08-29T18:19Z,KXHIGHCHI-26AUG30-B92.5,CHI,B92.5,0.02,0.03,0.97,0.98,198,81,75
2026-08-29T18:19Z,KXHIGHCHI-26AUG30-T86,CHI,T86,0.33,0.34,0.66,0.67,731,81,75
2026-08-29T18:19Z,KXHIGHCHI-26AUG30-T93,CHI,T93,0.00,0.01,0.99,1.00,1049,81,75
2026-08-29T18:19Z,KXHIGHDEN-26AUG29-B90.5,DEN,B90.5,0.41,0.42,0.58,0.59,2032,81,75
2026-08-29T18:19Z,KXHIGHDEN-26AUG29-B92.5,DEN,B92.5,0.47,0.50,0.50,0.53,1735,81,75
2026-08-29T18:19Z,KXHIGHDEN-26AUG29-B94.5,DEN,B94.5,0.00,0.02,0.98,1.00,3936,81,75
2026-08-29T18:19Z,KXHIGHDEN-26AUG29-B96.5,DEN,B96.5,0.00,0.01,0.99,1.00,879,81,75
2026-08-29T18:19Z,KXHIGHDEN-26AUG29-T90,DEN,T90,0.05,0.06,0.94,0.95,2287,81,75
2026-08-29T18:19Z,KXHIGHDEN-26AUG29-T97,DEN,T97,0.00,0.01,0.99,1.00,427,81,75
2026-08-29T18:19Z,KXHIGHDEN-26AUG30-B85.5,DEN,B85.5,0.21,0.26,0.74,0.79,12,81,75
2026-08-29T18:19Z,KXHIGHDEN-26AUG30-B87.5,DEN,B87.5,0.37,0.38,0.62,0.63,48,81,75
2026-08-29T18:19Z,KXHIGHDEN-26AUG30-B89.5,DEN,B89.5,0.23,0.24,0.76,0.77,46,81,75
2026-08-29T18:19Z,KXHIGHDEN-26AUG30-B91.5,DEN,B91.5,0.06,0.07,0.93,0.94,114,81,75
2026-08-29T18:19Z,KXHIGHDEN-26AUG30-T85,DEN,T85,0.06,0.07,0.93,0.94,50,81,75
2026-08-29T18:19Z,KXHIGHDEN-26AUG30-T92,DEN,T92,0.00,0.02,0.98,1.00,905,81,75
2026-08-29T18:19Z,KXHIGHMIA-26AUG29-B88.5,MIA,B88.5,0.04,0.08,0.92,0.96,13651,81,75
2026-08-29T18:19Z,KXHIGHMIA-26AUG29-B90.5,MIA,B90.5,0.06,0.10,0.90,0.94,14754,81,75
2026-08-29T18:19Z,KXHIGHMIA-26AUG29-B92.5,MIA,B92.5,0.01,0.03,0.97,0.99,13516,81,75
2026-08-29T18:19Z,KXHIGHMIA-26AUG29-B94.5,MIA,B94.5,0.00,0.01,0.99,1.00,6226,81,75
2026-08-29T18:19Z,KXHIGHMIA-26AUG29-T88,MIA,T88,0.88,0.93,0.07,0.12,20731,81,75
2026-08-29T18:19Z,KXHIGHMIA-26AUG29-T95,MIA,T95,0.00,0.01,0.99,1.00,1598,81,75
2026-08-29T18:19Z,KXHIGHMIA-26AUG30-B87.5,MIA,B87.5,0.04,0.05,0.95,0.96,92,81,75
2026-08-29T18:19Z,KXHIGHMIA-26AUG30-B89.5,MIA,B89.5,0.33,0.34,0.66,0.67,699,81,75
2026-08-29T18:19Z,KXHIGHMIA-26AUG30-B91.5,MIA,B91.5,0.41,0.42,0.58,0.59,354,81,75
2026-08-29T18:19Z,KXHIGHMIA-26AUG30-B93.5,MIA,B93.5,0.18,0.19,0.81,0.82,688,81,75
2026-08-29T18:19Z,KXHIGHMIA-26AUG30-T87,MIA,T87,0.01,0.02,0.98,0.99,788,81,75
2026-08-29T18:19Z,KXHIGHMIA-26AUG30-T94,MIA,T94,0.01,0.02,0.98,0.99,347,81,75
2026-08-29T18:19Z,KXHIGHNY-26AUG29-B79.5,NY,B79.5,0.24,0.27,0.73,0.76,12514,81,75
2026-08-29T18:19Z,KXHIGHNY-26AUG29-B81.5,NY,B81.5,0.01,0.02,0.98,0.99,16992,81,75
2026-08-29T18:19Z,KXHIGHNY-26AUG29-B83.5,NY,B83.5,0.00,0.01,0.99,1.00,4397,81,75
2026-08-29T18:19Z,KXHIGHNY-26AUG29-B85.5,NY,B85.5,0.00,0.01,0.99,1.00,2876,81,75
2026-08-29T18:19Z,KXHIGHNY-26AUG29-T79,NY,T79,0.71,0.75,0.25,0.29,17620,81,75
2026-08-29T18:19Z,KXHIGHNY-26AUG29-T86,NY,T86,0.00,0.01,0.99,1.00,2299,81,75
2026-08-29T18:19Z,KXHIGHNY-26AUG30-B82.5,NY,B82.5,0.35,0.36,0.64,0.65,271,81,75
2026-08-29T18:19Z,KXHIGHNY-26AUG30-B84.5,NY,B84.5,0.14,0.15,0.85,0.86,89,81,75
2026-08-29T18:19Z,KXHIGHNY-26AUG30-B86.5,NY,B86.5,0.06,0.07,0.93,0.94,167,81,75
2026-08-29T18:19Z,KXHIGHNY-26AUG30-B88.5,NY,B88.5,0.00,0.01,0.99,1.00,997,81,75
2026-08-29T18:19Z,KXHIGHNY-26AUG30-T82,NY,T82,0.44,0.45,0.55,0.56,1535,81,75
2026-08-29T18:19Z,KXHIGHNY-26AUG30-T89,NY,T89,0.00,0.01,0.99,1.00,1012,81,75
2026-08-29T18:29Z,KXHIGHCHI-26AUG29-B80.5,CHI,B80.5,0.54,0.55,0.45,0.46,9204,81,75
2026-08-29T18:29Z,KXHIGHCHI-26AUG29-B82.5,CHI,B82.5,0.42,0.43,0.57,0.58,6729,81,75
2026-08-29T18:29Z,KXHIGHCHI-26AUG29-B84.5,CHI,B84.5,0.00,0.01,0.99,1.00,7070,81,75
2026-08-29T18:29Z,KXHIGHCHI-26AUG29-B86.5,CHI,B86.5,0.00,0.01,0.99,1.00,3130,81,75
2026-08-29T18:29Z,KXHIGHCHI-26AUG29-T80,CHI,T80,0.00,0.01,0.99,1.00,11588,81,75
2026-08-29T18:29Z,KXHIGHCHI-26AUG29-T87,CHI,T87,0.00,0.01,0.99,1.00,959,81,75
2026-08-29T18:29Z,KXHIGHCHI-26AUG30-B86.5,CHI,B86.5,0.31,0.32,0.68,0.69,209,81,75
2026-08-29T18:29Z,KXHIGHCHI-26AUG30-B88.5,CHI,B88.5,0.24,0.25,0.75,0.76,86,81,75
2026-08-29T18:29Z,KXHIGHCHI-26AUG30-B90.5,CHI,B90.5,0.07,0.09,0.91,0.93,40,81,75
2026-08-29T18:29Z,KXHIGHCHI-26AUG30-B92.5,CHI,B92.5,0.02,0.03,0.97,0.98,198,81,75
2026-08-29T18:29Z,KXHIGHCHI-26AUG30-T86,CHI,T86,0.33,0.34,0.66,0.67,750,81,75
2026-08-29T18:29Z,KXHIGHCHI-26AUG30-T93,CHI,T93,0.00,0.01,0.99,1.00,1049,81,75
2026-08-29T18:29Z,KXHIGHDEN-26AUG29-B90.5,DEN,B90.5,0.41,0.43,0.57,0.59,2032,81,75
2026-08-29T18:29Z,KXHIGHDEN-26AUG29-B92.5,DEN,B92.5,0.47,0.50,0.50,0.53,1738,81,75
2026-08-29T18:29Z,KXHIGHDEN-26AUG29-B94.5,DEN,B94.5,0.00,0.02,0.98,1.00,3936,81,75
2026-08-29T18:29Z,KXHIGHDEN-26AUG29-B96.5,DEN,B96.5,0.00,0.01,0.99,1.00,879,81,75
2026-08-29T18:29Z,KXHIGHDEN-26AUG29-T90,DEN,T90,0.05,0.06,0.94,0.95,2287,81,75
2026-08-29T18:29Z,KXHIGHDEN-26AUG29-T97,DEN,T97,0.00,0.01,0.99,1.00,427,81,75
2026-08-29T18:29Z,KXHIGHDEN-26AUG30-B85.5,DEN,B85.5,0.22,0.26,0.74,0.78,12,81,75
2026-08-29T18:29Z,KXHIGHDEN-26AUG30-B87.5,DEN,B87.5,0.37,0.40,0.60,0.63,151,81,75
2026-08-29T18:29Z,KXHIGHDEN-26AUG30-B89.5,DEN,B89.5,0.23,0.24,0.76,0.77,46,81,75
2026-08-29T18:29Z,KXHIGHDEN-26AUG30-B91.5,DEN,B91.5,0.06,0.08,0.92,0.94,114,81,75
2026-08-29T18:29Z,KXHIGHDEN-26AUG30-T85,DEN,T85,0.06,0.07,0.93,0.94,50,81,75
2026-08-29T18:29Z,KXHIGHDEN-26AUG30-T92,DEN,T92,0.00,0.02,0.98,1.00,905,81,75
2026-08-29T18:29Z,KXHIGHMIA-26AUG29-B88.5,MIA,B88.5,0.09,0.12,0.88,0.91,14116,81,75
2026-08-29T18:29Z,KXHIGHMIA-26AUG29-B90.5,MIA,B90.5,0.07,0.12,0.88,0.93,15365,81,75
2026-08-29T18:29Z,KXHIGHMIA-26AUG29-B92.5,MIA,B92.5,0.00,0.01,0.99,1.00,13652,81,75
2026-08-29T18:29Z,KXHIGHMIA-26AUG29-B94.5,MIA,B94.5,0.00,0.01,0.99,1.00,6226,81,75
2026-08-29T18:29Z,KXHIGHMIA-26AUG29-T88,MIA,T88,0.79,0.82,0.18,0.21,20783,81,75
2026-08-29T18:29Z,KXHIGHMIA-26AUG29-T95,MIA,T95,0.00,0.01,0.99,1.00,1598,81,75
2026-08-29T18:29Z,KXHIGHMIA-26AUG30-B87.5,MIA,B87.5,0.04,0.06,0.94,0.96,116,81,75
2026-08-29T18:29Z,KXHIGHMIA-26AUG30-B89.5,MIA,B89.5,0.33,0.34,0.66,0.67,699,81,75
2026-08-29T18:29Z,KXHIGHMIA-26AUG30-B91.5,MIA,B91.5,0.41,0.42,0.58,0.59,358,81,75
2026-08-29T18:29Z,KXHIGHMIA-26AUG30-B93.5,MIA,B93.5,0.18,0.19,0.81,0.82,688,81,75
2026-08-29T18:29Z,KXHIGHMIA-26AUG30-T87,MIA,T87,0.01,0.02,0.98,0.99,788,81,75
2026-08-29T18:29Z,KXHIGHMIA-26AUG30-T94,MIA,T94,0.01,0.02,0.98,0.99,347,81,75
2026-08-29T18:29Z,KXHIGHNY-26AUG29-B79.5,NY,B79.5,0.30,0.31,0.69,0.70,12628,81,75
2026-08-29T18:29Z,KXHIGHNY-26AUG29-B81.5,NY,B81.5,0.01,0.02,0.98,0.99,17054,81,75
2026-08-29T18:29Z,KXHIGHNY-26AUG29-B83.5,NY,B83.5,0.00,0.01,0.99,1.00,4397,81,75
2026-08-29T18:29Z,KXHIGHNY-26AUG29-B85.5,NY,B85.5,0.00,0.01,0.99,1.00,2876,81,75
2026-08-29T18:29Z,KXHIGHNY-26AUG29-T79,NY,T79,0.71,0.72,0.28,0.29,17863,81,75
2026-08-29T18:29Z,KXHIGHNY-26AUG29-T86,NY,T86,0.00,0.01,0.99,1.00,2299,81,75
2026-08-29T18:29Z,KXHIGHNY-26AUG30-B82.5,NY,B82.5,0.35,0.36,0.64,0.65,271,81,75
2026-08-29T18:29Z,KXHIGHNY-26AUG30-B84.5,NY,B84.5,0.14,0.15,0.85,0.86,89,81,75
2026-08-29T18:29Z,KXHIGHNY-26AUG30-B86.5,NY,B86.5,0.06,0.07,0.93,0.94,167,81,75
2026-08-29T18:29Z,KXHIGHNY-26AUG30-B88.5,NY,B88.5,0.00,0.01,0.99,1.00,997,81,75
2026-08-29T18:29Z,KXHIGHNY-26AUG30-T82,NY,T82,0.44,0.45,0.55,0.56,1541,81,75
2026-08-29T18:29Z,KXHIGHNY-26AUG30-T89,NY,T89,0.00,0.01,0.99,1.00,1012,81,75
2026-08-29T18:49Z,KXHIGHCHI-26AUG29-B80.5,CHI,B80.5,0.34,0.35,0.65,0.66,10151,81,75
2026-08-29T18:49Z,KXHIGHCHI-26AUG29-B82.5,CHI,B82.5,0.59,0.62,0.38,0.41,7917,81,75
2026-08-29T18:49Z,KXHIGHCHI-26AUG29-B84.5,CHI,B84.5,0.00,0.01,0.99,1.00,7071,81,75
2026-08-29T18:49Z,KXHIGHCHI-26AUG29-B86.5,CHI,B86.5,0.00,0.01,0.99,1.00,3130,81,75
2026-08-29T18:49Z,KXHIGHCHI-26AUG29-T80,CHI,T80,0.00,0.01,0.99,1.00,11588,81,75
2026-08-29T18:49Z,KXHIGHCHI-26AUG29-T87,CHI,T87,0.00,0.01,0.99,1.00,959,81,75
2026-08-29T18:49Z,KXHIGHCHI-26AUG30-B86.5,CHI,B86.5,0.30,0.32,0.68,0.70,209,81,75
2026-08-29T18:49Z,KXHIGHCHI-26AUG30-B88.5,CHI,B88.5,0.24,0.26,0.74,0.76,113,81,75
2026-08-29T18:49Z,KXHIGHCHI-26AUG30-B90.5,CHI,B90.5,0.09,0.10,0.90,0.91,67,81,75
2026-08-29T18:49Z,KXHIGHCHI-26AUG30-B92.5,CHI,B92.5,0.02,0.03,0.97,0.98,198,81,75
2026-08-29T18:49Z,KXHIGHCHI-26AUG30-T86,CHI,T86,0.33,0.34,0.66,0.67,751,81,75
2026-08-29T18:49Z,KXHIGHCHI-26AUG30-T93,CHI,T93,0.00,0.01,0.99,1.00,1049,81,75
2026-08-29T18:49Z,KXHIGHDEN-26AUG29-B90.5,DEN,B90.5,0.37,0.44,0.56,0.63,2207,81,75
2026-08-29T18:49Z,KXHIGHDEN-26AUG29-B92.5,DEN,B92.5,0.42,0.47,0.53,0.58,1953,81,75
2026-08-29T18:49Z,KXHIGHDEN-26AUG29-B94.5,DEN,B94.5,0.00,0.02,0.98,1.00,3994,81,75
2026-08-29T18:49Z,KXHIGHDEN-26AUG29-B96.5,DEN,B96.5,0.00,0.01,0.99,1.00,922,81,75
2026-08-29T18:49Z,KXHIGHDEN-26AUG29-T90,DEN,T90,0.06,0.10,0.90,0.94,2448,81,75
2026-08-29T18:49Z,KXHIGHDEN-26AUG29-T97,DEN,T97,0.00,0.01,0.99,1.00,427,81,75
2026-08-29T18:49Z,KXHIGHDEN-26AUG30-B85.5,DEN,B85.5,0.22,0.26,0.74,0.78,12,81,75
2026-08-29T18:49Z,KXHIGHDEN-26AUG30-B87.5,DEN,B87.5,0.38,0.39,0.61,0.62,159,81,75
2026-08-29T18:49Z,KXHIGHDEN-26AUG30-B89.5,DEN,B89.5,0.21,0.24,0.76,0.79,46,81,75
2026-08-29T18:49Z,KXHIGHDEN-26AUG30-B91.5,DEN,B91.5,0.06,0.08,0.92,0.94,114,81,75
2026-08-29T18:49Z,KXHIGHDEN-26AUG30-T85,DEN,T85,0.06,0.07,0.93,0.94,50,81,75
2026-08-29T18:49Z,KXHIGHDEN-26AUG30-T92,DEN,T92,0.00,0.02,0.98,1.00,905,81,75
2026-08-29T18:49Z,KXHIGHMIA-26AUG29-B88.5,MIA,B88.5,0.13,0.15,0.85,0.87,14998,81,75
2026-08-29T18:49Z,KXHIGHMIA-26AUG29-B90.5,MIA,B90.5,0.03,0.04,0.96,0.97,16963,81,75
2026-08-29T18:49Z,KXHIGHMIA-26AUG29-B92.5,MIA,B92.5,0.00,0.01,0.99,1.00,13653,81,75
2026-08-29T18:49Z,KXHIGHMIA-26AUG29-B94.5,MIA,B94.5,0.00,0.01,0.99,1.00,6226,81,75
2026-08-29T18:49Z,KXHIGHMIA-26AUG29-T88,MIA,T88,0.85,0.87,0.13,0.15,21610,81,75
2026-08-29T18:49Z,KXHIGHMIA-26AUG29-T95,MIA,T95,0.00,0.01,0.99,1.00,1598,81,75
2026-08-29T18:49Z,KXHIGHMIA-26AUG30-B87.5,MIA,B87.5,0.04,0.06,0.94,0.96,123,81,75
2026-08-29T18:49Z,KXHIGHMIA-26AUG30-B89.5,MIA,B89.5,0.33,0.34,0.66,0.67,699,81,75
2026-08-29T18:49Z,KXHIGHMIA-26AUG30-B91.5,MIA,B91.5,0.41,0.42,0.58,0.59,389,81,75
2026-08-29T18:49Z,KXHIGHMIA-26AUG30-B93.5,MIA,B93.5,0.18,0.19,0.81,0.82,688,81,75
2026-08-29T18:49Z,KXHIGHMIA-26AUG30-T87,MIA,T87,0.01,0.02,0.98,0.99,788,81,75
2026-08-29T18:49Z,KXHIGHMIA-26AUG30-T94,MIA,T94,0.01,0.02,0.98,0.99,347,81,75
2026-08-29T18:49Z,KXHIGHNY-26AUG29-B79.5,NY,B79.5,0.29,0.32,0.68,0.71,13513,81,75
2026-08-29T18:49Z,KXHIGHNY-26AUG29-B81.5,NY,B81.5,0.02,0.03,0.97,0.98,17613,81,75
2026-08-29T18:49Z,KXHIGHNY-26AUG29-B83.5,NY,B83.5,0.00,0.01,0.99,1.00,4491,81,75
2026-08-29T18:49Z,KXHIGHNY-26AUG29-B85.5,NY,B85.5,0.00,0.01,0.99,1.00,2876,81,75
2026-08-29T18:49Z,KXHIGHNY-26AUG29-T79,NY,T79,0.64,0.66,0.34,0.36,19425,81,75
2026-08-29T18:49Z,KXHIGHNY-26AUG29-T86,NY,T86,0.00,0.01,0.99,1.00,2299,81,75
2026-08-29T18:49Z,KXHIGHNY-26AUG30-B82.5,NY,B82.5,0.29,0.31,0.69,0.71,367,81,75
2026-08-29T18:49Z,KXHIGHNY-26AUG30-B84.5,NY,B84.5,0.14,0.15,0.85,0.86,110,81,75
2026-08-29T18:49Z,KXHIGHNY-26AUG30-B86.5,NY,B86.5,0.06,0.07,0.93,0.94,167,81,75
2026-08-29T18:49Z,KXHIGHNY-26AUG30-B88.5,NY,B88.5,0.00,0.01,0.99,1.00,997,81,75
2026-08-29T18:49Z,KXHIGHNY-26AUG30-T82,NY,T82,0.44,0.45,0.55,0.56,1550,81,75
2026-08-29T18:49Z,KXHIGHNY-26AUG30-T89,NY,T89,0.00,0.01,0.99,1.00,1012,81,75
2026-08-29T19:00Z,KXHIGHCHI-26AUG29-B80.5,CHI,B80.5,0.34,0.35,0.65,0.66,10451,81,75
2026-08-29T19:00Z,KXHIGHCHI-26AUG29-B82.5,CHI,B82.5,0.60,0.64,0.36,0.40,8817,81,75
2026-08-29T19:00Z,KXHIGHCHI-26AUG29-B84.5,CHI,B84.5,0.00,0.01,0.99,1.00,7671,81,75
2026-08-29T19:00Z,KXHIGHCHI-26AUG29-B86.5,CHI,B86.5,0.00,0.01,0.99,1.00,3130,81,75
2026-08-29T19:00Z,KXHIGHCHI-26AUG29-T80,CHI,T80,0.00,0.01,0.99,1.00,11588,81,75
2026-08-29T19:00Z,KXHIGHCHI-26AUG29-T87,CHI,T87,0.00,0.01,0.99,1.00,959,81,75
2026-08-29T19:00Z,KXHIGHCHI-26AUG30-B86.5,CHI,B86.5,0.30,0.33,0.67,0.70,211,81,75
2026-08-29T19:00Z,KXHIGHCHI-26AUG30-B88.5,CHI,B88.5,0.24,0.26,0.74,0.76,116,81,75
2026-08-29T19:00Z,KXHIGHCHI-26AUG30-B90.5,CHI,B90.5,0.09,0.10,0.90,0.91,67,81,75
2026-08-29T19:00Z,KXHIGHCHI-26AUG30-B92.5,CHI,B92.5,0.02,0.03,0.97,0.98,198,81,75
2026-08-29T19:00Z,KXHIGHCHI-26AUG30-T86,CHI,T86,0.32,0.33,0.67,0.68,775,81,75
2026-08-29T19:00Z,KXHIGHCHI-26AUG30-T93,CHI,T93,0.00,0.01,0.99,1.00,1049,81,75
2026-08-29T19:00Z,KXHIGHDEN-26AUG29-B90.5,DEN,B90.5,0.42,0.46,0.54,0.58,2300,81,75
2026-08-29T19:00Z,KXHIGHDEN-26AUG29-B92.5,DEN,B92.5,0.39,0.45,0.55,0.61,2075,81,75
2026-08-29T19:00Z,KXHIGHDEN-26AUG29-B94.5,DEN,B94.5,0.00,0.02,0.98,1.00,3994,81,75
2026-08-29T19:00Z,KXHIGHDEN-26AUG29-B96.5,DEN,B96.5,0.00,0.01,0.99,1.00,922,81,75
2026-08-29T19:00Z,KXHIGHDEN-26AUG29-T90,DEN,T90,0.06,0.08,0.92,0.94,2448,81,75
2026-08-29T19:00Z,KXHIGHDEN-26AUG29-T97,DEN,T97,0.00,0.01,0.99,1.00,427,81,75
2026-08-29T19:00Z,KXHIGHDEN-26AUG30-B85.5,DEN,B85.5,0.22,0.26,0.74,0.78,12,81,75
2026-08-29T19:00Z,KXHIGHDEN-26AUG30-B87.5,DEN,B87.5,0.38,0.39,0.61,0.62,165,81,75
2026-08-29T19:00Z,KXHIGHDEN-26AUG30-B89.5,DEN,B89.5,0.21,0.24,0.76,0.79,46,81,75
2026-08-29T19:00Z,KXHIGHDEN-26AUG30-B91.5,DEN,B91.5,0.06,0.08,0.92,0.94,114,81,75
2026-08-29T19:00Z,KXHIGHDEN-26AUG30-T85,DEN,T85,0.06,0.07,0.93,0.94,50,81,75
2026-08-29T19:00Z,KXHIGHDEN-26AUG30-T92,DEN,T92,0.00,0.02,0.98,1.00,905,81,75
2026-08-29T19:00Z,KXHIGHMIA-26AUG29-B88.5,MIA,B88.5,0.06,0.10,0.90,0.94,15083,81,75
2026-08-29T19:00Z,KXHIGHMIA-26AUG29-B90.5,MIA,B90.5,0.02,0.03,0.97,0.98,17014,81,75
2026-08-29T19:00Z,KXHIGHMIA-26AUG29-B92.5,MIA,B92.5,0.00,0.01,0.99,1.00,13653,81,75
2026-08-29T19:00Z,KXHIGHMIA-26AUG29-B94.5,MIA,B94.5,0.00,0.01,0.99,1.00,6226,81,75
2026-08-29T19:00Z,KXHIGHMIA-26AUG29-T88,MIA,T88,0.90,0.94,0.06,0.10,21853,81,75
2026-08-29T19:00Z,KXHIGHMIA-26AUG29-T95,MIA,T95,0.00,0.01,0.99,1.00,1598,81,75
2026-08-29T19:00Z,KXHIGHMIA-26AUG30-B87.5,MIA,B87.5,0.04,0.06,0.94,0.96,123,81,75
2026-08-29T19:00Z,KXHIGHMIA-26AUG30-B89.5,MIA,B89.5,0.33,0.34,0.66,0.67,699,81,75
2026-08-29T19:00Z,KXHIGHMIA-26AUG30-B91.5,MIA,B91.5,0.41,0.42,0.58,0.59,394,81,75
2026-08-29T19:00Z,KXHIGHMIA-26AUG30-B93.5,MIA,B93.5,0.18,0.19,0.81,0.82,688,81,75
2026-08-29T19:00Z,KXHIGHMIA-26AUG30-T87,MIA,T87,0.01,0.02,0.98,0.99,788,81,75
2026-08-29T19:00Z,KXHIGHMIA-26AUG30-T94,MIA,T94,0.01,0.02,0.98,0.99,347,81,75
2026-08-29T19:00Z,KXHIGHNY-26AUG29-B79.5,NY,B79.5,0.14,0.15,0.85,0.86,14022,81,75
2026-08-29T19:00Z,KXHIGHNY-26AUG29-B81.5,NY,B81.5,0.01,0.02,0.98,0.99,17690,81,75
2026-08-29T19:00Z,KXHIGHNY-26AUG29-B83.5,NY,B83.5,0.00,0.01,0.99,1.00,4491,81,75
2026-08-29T19:00Z,KXHIGHNY-26AUG29-B85.5,NY,B85.5,0.00,0.01,0.99,1.00,2876,81,75
2026-08-29T19:00Z,KXHIGHNY-26AUG29-T79,NY,T79,0.82,0.85,0.15,0.18,20355,81,75
2026-08-29T19:00Z,KXHIGHNY-26AUG29-T86,NY,T86,0.00,0.01,0.99,1.00,2299,81,75
2026-08-29T19:00Z,KXHIGHNY-26AUG30-B82.5,NY,B82.5,0.29,0.33,0.67,0.71,482,81,75
2026-08-29T19:00Z,KXHIGHNY-26AUG30-B84.5,NY,B84.5,0.14,0.15,0.85,0.86,110,81,75
2026-08-29T19:00Z,KXHIGHNY-26AUG30-B86.5,NY,B86.5,0.06,0.07,0.93,0.94,167,81,75
2026-08-29T19:00Z,KXHIGHNY-26AUG30-B88.5,NY,B88.5,0.00,0.01,0.99,1.00,997,81,75
2026-08-29T19:00Z,KXHIGHNY-26AUG30-T82,NY,T82,0.45,0.47,0.53,0.55,1555,81,75
2026-08-29T19:00Z,KXHIGHNY-26AUG30-T89,NY,T89,0.00,0.01,0.99,1.00,1014,81,75
2026-08-29T19:19Z,KXHIGHCHI-26AUG29-B80.5,CHI,B80.5,0.36,0.37,0.63,0.64,11232,81,74
2026-08-29T19:19Z,KXHIGHCHI-26AUG29-B82.5,CHI,B82.5,0.61,0.63,0.37,0.39,9585,81,74
2026-08-29T19:19Z,KXHIGHCHI-26AUG29-B84.5,CHI,B84.5,0.00,0.01,0.99,1.00,7671,81,74
2026-08-29T19:19Z,KXHIGHCHI-26AUG29-B86.5,CHI,B86.5,0.00,0.01,0.99,1.00,3130,81,74
2026-08-29T19:19Z,KXHIGHCHI-26AUG29-T80,CHI,T80,0.00,0.01,0.99,1.00,11588,81,74
2026-08-29T19:19Z,KXHIGHCHI-26AUG29-T87,CHI,T87,0.00,0.01,0.99,1.00,959,81,74
2026-08-29T19:19Z,KXHIGHCHI-26AUG30-B86.5,CHI,B86.5,0.30,0.32,0.68,0.70,211,81,74
2026-08-29T19:19Z,KXHIGHCHI-26AUG30-B88.5,CHI,B88.5,0.24,0.26,0.74,0.76,122,81,74
2026-08-29T19:19Z,KXHIGHCHI-26AUG30-B90.5,CHI,B90.5,0.09,0.10,0.90,0.91,72,81,74
2026-08-29T19:19Z,KXHIGHCHI-26AUG30-B92.5,CHI,B92.5,0.02,0.03,0.97,0.98,198,81,74
2026-08-29T19:19Z,KXHIGHCHI-26AUG30-T86,CHI,T86,0.32,0.33,0.67,0.68,831,81,74
2026-08-29T19:19Z,KXHIGHCHI-26AUG30-T93,CHI,T93,0.00,0.01,0.99,1.00,1049,81,74
2026-08-29T19:19Z,KXHIGHDEN-26AUG29-B90.5,DEN,B90.5,0.44,0.45,0.55,0.56,2374,81,74
2026-08-29T19:19Z,KXHIGHDEN-26AUG29-B92.5,DEN,B92.5,0.39,0.43,0.57,0.61,2112,81,74
2026-08-29T19:19Z,KXHIGHDEN-26AUG29-B94.5,DEN,B94.5,0.00,0.02,0.98,1.00,3994,81,74
2026-08-29T19:19Z,KXHIGHDEN-26AUG29-B96.5,DEN,B96.5,0.00,0.01,0.99,1.00,922,81,74
2026-08-29T19:19Z,KXHIGHDEN-26AUG29-T90,DEN,T90,0.07,0.13,0.87,0.93,2602,81,74
2026-08-29T19:19Z,KXHIGHDEN-26AUG29-T97,DEN,T97,0.00,0.01,0.99,1.00,427,81,74
2026-08-29T19:19Z,KXHIGHDEN-26AUG30-B85.5,DEN,B85.5,0.22,0.26,0.74,0.78,12,81,74
2026-08-29T19:19Z,KXHIGHDEN-26AUG30-B87.5,DEN,B87.5,0.38,0.39,0.61,0.62,169,81,74
2026-08-29T19:19Z,KXHIGHDEN-26AUG30-B89.5,DEN,B89.5,0.21,0.22,0.78,0.79,52,81,74
2026-08-29T19:19Z,KXHIGHDEN-26AUG30-B91.5,DEN,B91.5,0.05,0.08,0.92,0.95,117,81,74
2026-08-29T19:19Z,KXHIGHDEN-26AUG30-T85,DEN,T85,0.04,0.07,0.93,0.96,50,81,74
2026-08-29T19:19Z,KXHIGHDEN-26AUG30-T92,DEN,T92,0.00,0.02,0.98,1.00,905,81,74
2026-08-29T19:19Z,KXHIGHMIA-26AUG29-B88.5,MIA,B88.5,0.06,0.07,0.93,0.94,15177,81,74
2026-08-29T19:19Z,KXHIGHMIA-26AUG29-B90.5,MIA,B90.5,0.01,0.02,0.98,0.99,17182,81,74
2026-08-29T19:19Z,KXHIGHMIA-26AUG29-B92.5,MIA,B92.5,0.00,0.01,0.99,1.00,13709,81,74
2026-08-29T19:19Z,KXHIGHMIA-26AUG29-B94.5,MIA,B94.5,0.00,0.01,0.99,1.00,6320,81,74
2026-08-29T19:19Z,KXHIGHMIA-26AUG29-T88,MIA,T88,0.89,0.92,0.08,0.11,21977,81,74
2026-08-29T19:19Z,KXHIGHMIA-26AUG29-T95,MIA,T95,0.00,0.01,0.99,1.00,1598,81,74
2026-08-29T19:19Z,KXHIGHMIA-26AUG30-B87.5,MIA,B87.5,0.05,0.07,0.93,0.95,175,81,74
2026-08-29T19:19Z,KXHIGHMIA-26AUG30-B89.5,MIA,B89.5,0.33,0.34,0.66,0.67,702,81,74
2026-08-29T19:19Z,KXHIGHMIA-26AUG30-B91.5,MIA,B91.5,0.41,0.42,0.58,0.59,397,81,74
2026-08-29T19:19Z,KXHIGHMIA-26AUG30-B93.5,MIA,B93.5,0.18,0.19,0.81,0.82,688,81,74
2026-08-29T19:19Z,KXHIGHMIA-26AUG30-T87,MIA,T87,0.01,0.02,0.98,0.99,928,81,74
2026-08-29T19:19Z,KXHIGHMIA-26AUG30-T94,MIA,T94,0.01,0.02,0.98,0.99,347,81,74
2026-08-29T19:19Z,KXHIGHNY-26AUG29-B79.5,NY,B79.5,0.15,0.17,0.83,0.85,15101,81,74
2026-08-29T19:19Z,KXHIGHNY-26AUG29-B81.5,NY,B81.5,0.00,0.01,0.99,1.00,17710,81,74
2026-08-29T19:19Z,KXHIGHNY-26AUG29-B83.5,NY,B83.5,0.00,0.01,0.99,1.00,4491,81,74
2026-08-29T19:19Z,KXHIGHNY-26AUG29-B85.5,NY,B85.5,0.00,0.01,0.99,1.00,2876,81,74
2026-08-29T19:19Z,KXHIGHNY-26AUG29-T79,NY,T79,0.80,0.83,0.17,0.20,21986,81,74
2026-08-29T19:19Z,KXHIGHNY-26AUG29-T86,NY,T86,0.00,0.01,0.99,1.00,2299,81,74
2026-08-29T19:19Z,KXHIGHNY-26AUG30-B82.5,NY,B82.5,0.29,0.32,0.68,0.71,504,81,74
2026-08-29T19:19Z,KXHIGHNY-26AUG30-B84.5,NY,B84.5,0.14,0.15,0.85,0.86,110,81,74
2026-08-29T19:19Z,KXHIGHNY-26AUG30-B86.5,NY,B86.5,0.06,0.07,0.93,0.94,167,81,74
2026-08-29T19:19Z,KXHIGHNY-26AUG30-B88.5,NY,B88.5,0.00,0.01,0.99,1.00,997,81,74
2026-08-29T19:19Z,KXHIGHNY-26AUG30-T82,NY,T82,0.48,0.49,0.51,0.52,1707,81,74
2026-08-29T19:19Z,KXHIGHNY-26AUG30-T89,NY,T89,0.00,0.01,0.99,1.00,1014,81,74
2026-08-29T19:29Z,KXHIGHCHI-26AUG29-B80.5,CHI,B80.5,0.33,0.34,0.66,0.67,11411,81,74
2026-08-29T19:29Z,KXHIGHCHI-26AUG29-B82.5,CHI,B82.5,0.66,0.68,0.32,0.34,10099,81,74
2026-08-29T19:29Z,KXHIGHCHI-26AUG29-B84.5,CHI,B84.5,0.00,0.01,0.99,1.00,7942,81,74
2026-08-29T19:29Z,KXHIGHCHI-26AUG29-B86.5,CHI,B86.5,0.00,0.01,0.99,1.00,3130,81,74
2026-08-29T19:29Z,KXHIGHCHI-26AUG29-T80,CHI,T80,0.00,0.01,0.99,1.00,11588,81,74
2026-08-29T19:29Z,KXHIGHCHI-26AUG29-T87,CHI,T87,0.00,0.01,0.99,1.00,959,81,74
2026-08-29T19:29Z,KXHIGHCHI-26AUG30-B86.5,CHI,B86.5,0.31,0.32,0.68,0.69,211,81,74
2026-08-29T19:29Z,KXHIGHCHI-26AUG30-B88.5,CHI,B88.5,0.24,0.25,0.75,0.76,122,81,74
2026-08-29T19:29Z,KXHIGHCHI-26AUG30-B90.5,CHI,B90.5,0.09,0.10,0.90,0.91,72,81,74
2026-08-29T19:29Z,KXHIGHCHI-26AUG30-B92.5,CHI,B92.5,0.02,0.03,0.97,0.98,198,81,74
2026-08-29T19:29Z,KXHIGHCHI-26AUG30-T86,CHI,T86,0.32,0.33,0.67,0.68,872,81,74
2026-08-29T19:29Z,KXHIGHCHI-26AUG30-T93,CHI,T93,0.00,0.01,0.99,1.00,1049,81,74
2026-08-29T19:29Z,KXHIGHDEN-26AUG29-B90.5,DEN,B90.5,0.45,0.46,0.54,0.55,2412,81,74
2026-08-29T19:29Z,KXHIGHDEN-26AUG29-B92.5,DEN,B92.5,0.39,0.43,0.57,0.61,2112,81,74
2026-08-29T19:29Z,KXHIGHDEN-26AUG29-B94.5,DEN,B94.5,0.00,0.02,0.98,1.00,3994,81,74
2026-08-29T19:29Z,KXHIGHDEN-26AUG29-B96.5,DEN,B96.5,0.00,0.01,0.99,1.00,922,81,74
2026-08-29T19:29Z,KXHIGHDEN-26AUG29-T90,DEN,T90,0.07,0.12,0.88,0.93,2602,81,74
2026-08-29T19:29Z,KXHIGHDEN-26AUG29-T97,DEN,T97,0.00,0.01,0.99,1.00,427,81,74
2026-08-29T19:29Z,KXHIGHDEN-26AUG30-B85.5,DEN,B85.5,0.22,0.26,0.74,0.78,12,81,74
2026-08-29T19:29Z,KXHIGHDEN-26AUG30-B87.5,DEN,B87.5,0.37,0.38,0.62,0.63,180,81,74
2026-08-29T19:29Z,KXHIGHDEN-26AUG30-B89.5,DEN,B89.5,0.17,0.18,0.82,0.83,109,81,74
2026-08-29T19:29Z,KXHIGHDEN-26AUG30-B91.5,DEN,B91.5,0.05,0.10,0.90,0.95,117,81,74
2026-08-29T19:29Z,KXHIGHDEN-26AUG30-T85,DEN,T85,0.04,0.07,0.93,0.96,50,81,74
2026-08-29T19:29Z,KXHIGHDEN-26AUG30-T92,DEN,T92,0.00,0.02,0.98,1.00,905,81,74
2026-08-29T19:29Z,KXHIGHMIA-26AUG29-B88.5,MIA,B88.5,0.04,0.05,0.95,0.96,15488,81,74
2026-08-29T19:29Z,KXHIGHMIA-26AUG29-B90.5,MIA,B90.5,0.00,0.01,0.99,1.00,18142,81,74
2026-08-29T19:29Z,KXHIGHMIA-26AUG29-B92.5,MIA,B92.5,0.00,0.01,0.99,1.00,13907,81,74
2026-08-29T19:29Z,KXHIGHMIA-26AUG29-B94.5,MIA,B94.5,0.00,0.01,0.99,1.00,6320,81,74
2026-08-29T19:29Z,KXHIGHMIA-26AUG29-T88,MIA,T88,0.91,0.95,0.05,0.09,22031,81,74
2026-08-29T19:29Z,KXHIGHMIA-26AUG29-T95,MIA,T95,0.00,0.01,0.99,1.00,1598,81,74
2026-08-29T19:29Z,KXHIGHMIA-26AUG30-B87.5,MIA,B87.5,0.05,0.07,0.93,0.95,175,81,74
2026-08-29T19:29Z,KXHIGHMIA-26AUG30-B89.5,MIA,B89.5,0.33,0.34,0.66,0.67,702,81,74
2026-08-29T19:29Z,KXHIGHMIA-26AUG30-B91.5,MIA,B91.5,0.41,0.42,0.58,0.59,401,81,74
2026-08-29T19:29Z,KXHIGHMIA-26AUG30-B93.5,MIA,B93.5,0.18,0.19,0.81,0.82,688,81,74
2026-08-29T19:29Z,KXHIGHMIA-26AUG30-T87,MIA,T87,0.01,0.02,0.98,0.99,928,81,74
2026-08-29T19:29Z,KXHIGHMIA-26AUG30-T94,MIA,T94,0.01,0.02,0.98,0.99,347,81,74
2026-08-29T19:29Z,KXHIGHNY-26AUG29-B79.5,NY,B79.5,0.13,0.17,0.83,0.87,15240,81,74
2026-08-29T19:29Z,KXHIGHNY-26AUG29-B81.5,NY,B81.5,0.00,0.01,0.99,1.00,17710,81,74
2026-08-29T19:29Z,KXHIGHNY-26AUG29-B83.5,NY,B83.5,0.00,0.01,0.99,1.00,4491,81,74
2026-08-29T19:29Z,KXHIGHNY-26AUG29-B85.5,NY,B85.5,0.00,0.01,0.99,1.00,2876,81,74
2026-08-29T19:29Z,KXHIGHNY-26AUG29-T79,NY,T79,0.81,0.83,0.17,0.19,22932,81,74
2026-08-29T19:29Z,KXHIGHNY-26AUG29-T86,NY,T86,0.00,0.01,0.99,1.00,2299,81,74
2026-08-29T19:29Z,KXHIGHNY-26AUG30-B82.5,NY,B82.5,0.29,0.31,0.69,0.71,504,81,74
2026-08-29T19:29Z,KXHIGHNY-26AUG30-B84.5,NY,B84.5,0.14,0.15,0.85,0.86,110,81,74
2026-08-29T19:29Z,KXHIGHNY-26AUG30-B86.5,NY,B86.5,0.06,0.07,0.93,0.94,167,81,74
2026-08-29T19:29Z,KXHIGHNY-26AUG30-B88.5,NY,B88.5,0.00,0.01,0.99,1.00,997,81,74
2026-08-29T19:29Z,KXHIGHNY-26AUG30-T82,NY,T82,0.49,0.50,0.50,0.51,1710,81,74
2026-08-29T19:29Z,KXHIGHNY-26AUG30-T89,NY,T89,0.00,0.01,0.99,1.00,1014,81,74
2026-08-29T19:49Z,KXHIGHCHI-26AUG29-B80.5,CHI,B80.5,0.00,0.01,0.99,1.00,21903,81,74
2026-08-29T19:49Z,KXHIGHCHI-26AUG29-B82.5,CHI,B82.5,0.90,0.95,0.05,0.10,14279,81,74
2026-08-29T19:49Z,KXHIGHCHI-26AUG29-B84.5,CHI,B84.5,0.00,0.03,0.97,1.00,8824,81,74
2026-08-29T19:49Z,KXHIGHCHI-26AUG29-B86.5,CHI,B86.5,0.00,0.01,0.99,1.00,4075,81,74
2026-08-29T19:49Z,KXHIGHCHI-26AUG29-T80,CHI,T80,0.00,0.01,0.99,1.00,12066,81,74
2026-08-29T19:49Z,KXHIGHCHI-26AUG29-T87,CHI,T87,0.00,0.01,0.99,1.00,1416,81,74
2026-08-29T19:49Z,KXHIGHCHI-26AUG30-B86.5,CHI,B86.5,0.31,0.32,0.68,0.69,211,81,74
2026-08-29T19:49Z,KXHIGHCHI-26AUG30-B88.5,CHI,B88.5,0.25,0.26,0.74,0.75,122,81,74
2026-08-29T19:49Z,KXHIGHCHI-26AUG30-B90.5,CHI,B90.5,0.07,0.08,0.92,0.93,288,81,74
2026-08-29T19:49Z,KXHIGHCHI-26AUG30-B92.5,CHI,B92.5,0.02,0.03,0.97,0.98,198,81,74
2026-08-29T19:49Z,KXHIGHCHI-26AUG30-T86,CHI,T86,0.32,0.33,0.67,0.68,881,81,74
2026-08-29T19:49Z,KXHIGHCHI-26AUG30-T93,CHI,T93,0.00,0.01,0.99,1.00,1049,81,74
2026-08-29T19:49Z,KXHIGHDEN-26AUG29-B90.5,DEN,B90.5,0.45,0.46,0.54,0.55,2595,81,74
2026-08-29T19:49Z,KXHIGHDEN-26AUG29-B92.5,DEN,B92.5,0.39,0.46,0.54,0.61,2249,81,74
2026-08-29T19:49Z,KXHIGHDEN-26AUG29-B94.5,DEN,B94.5,0.00,0.02,0.98,1.00,3994,81,74
2026-08-29T19:49Z,KXHIGHDEN-26AUG29-B96.5,DEN,B96.5,0.00,0.01,0.99,1.00,922,81,74
2026-08-29T19:49Z,KXHIGHDEN-26AUG29-T90,DEN,T90,0.10,0.17,0.83,0.90,2657,81,74
2026-08-29T19:49Z,KXHIGHDEN-26AUG29-T97,DEN,T97,0.00,0.01,0.99,1.00,427,81,74
2026-08-29T19:49Z,KXHIGHDEN-26AUG30-B85.5,DEN,B85.5,0.21,0.23,0.77,0.79,12,81,74
2026-08-29T19:49Z,KXHIGHDEN-26AUG30-B87.5,DEN,B87.5,0.37,0.38,0.62,0.63,181,81,74
2026-08-29T19:49Z,KXHIGHDEN-26AUG30-B89.5,DEN,B89.5,0.17,0.18,0.82,0.83,109,81,74
2026-08-29T19:49Z,KXHIGHDEN-26AUG30-B91.5,DEN,B91.5,0.06,0.10,0.90,0.94,117,81,74
2026-08-29T19:49Z,KXHIGHDEN-26AUG30-T85,DEN,T85,0.04,0.07,0.93,0.96,50,81,74
2026-08-29T19:49Z,KXHIGHDEN-26AUG30-T92,DEN,T92,0.00,0.02,0.98,1.00,905,81,74
2026-08-29T19:49Z,KXHIGHMIA-26AUG29-B88.5,MIA,B88.5,0.02,0.04,0.96,0.98,16280,81,74
2026-08-29T19:49Z,KXHIGHMIA-26AUG29-B90.5,MIA,B90.5,0.00,0.01,0.99,1.00,18284,81,74
2026-08-29T19:49Z,KXHIGHMIA-26AUG29-B92.5,MIA,B92.5,0.00,0.01,0.99,1.00,14877,81,74
2026-08-29T19:49Z,KXHIGHMIA-26AUG29-B94.5,MIA,B94.5,0.00,0.01,0.99,1.00,6320,81,74
2026-08-29T19:49Z,KXHIGHMIA-26AUG29-T88,MIA,T88,0.95,0.97,0.03,0.05,22176,81,74
2026-08-29T19:49Z,KXHIGHMIA-26AUG29-T95,MIA,T95,0.00,0.01,0.99,1.00,1598,81,74
2026-08-29T19:49Z,KXHIGHMIA-26AUG30-B87.5,MIA,B87.5,0.05,0.07,0.93,0.95,175,81,74
2026-08-29T19:49Z,KXHIGHMIA-26AUG30-B89.5,MIA,B89.5,0.35,0.36,0.64,0.65,704,81,74
2026-08-29T19:49Z,KXHIGHMIA-26AUG30-B91.5,MIA,B91.5,0.41,0.42,0.58,0.59,408,81,74
2026-08-29T19:49Z,KXHIGHMIA-26AUG30-B93.5,MIA,B93.5,0.15,0.16,0.84,0.85,698,81,74
2026-08-29T19:49Z,KXHIGHMIA-26AUG30-T87,MIA,T87,0.02,0.03,0.97,0.98,1562,81,74
2026-08-29T19:49Z,KXHIGHMIA-26AUG30-T94,MIA,T94,0.01,0.02,0.98,0.99,347,81,74
2026-08-29T19:49Z,KXHIGHNY-26AUG29-B79.5,NY,B79.5,0.11,0.15,0.85,0.89,16110,81,74
2026-08-29T19:49Z,KXHIGHNY-26AUG29-B81.5,NY,B81.5,0.00,0.01,0.99,1.00,17712,81,74
2026-08-29T19:49Z,KXHIGHNY-26AUG29-B83.5,NY,B83.5,0.00,0.01,0.99,1.00,4493,81,74
2026-08-29T19:49Z,KXHIGHNY-26AUG29-B85.5,NY,B85.5,0.00,0.01,0.99,1.00,4748,81,74
2026-08-29T19:49Z,KXHIGHNY-26AUG29-T79,NY,T79,0.85,0.87,0.13,0.15,24347,81,74
2026-08-29T19:49Z,KXHIGHNY-26AUG29-T86,NY,T86,0.00,0.01,0.99,1.00,2395,81,74
2026-08-29T19:49Z,KXHIGHNY-26AUG30-B82.5,NY,B82.5,0.30,0.31,0.69,0.70,506,81,74
2026-08-29T19:49Z,KXHIGHNY-26AUG30-B84.5,NY,B84.5,0.13,0.14,0.86,0.87,121,81,74
2026-08-29T19:49Z,KXHIGHNY-26AUG30-B86.5,NY,B86.5,0.05,0.06,0.94,0.95,193,81,74
2026-08-29T19:49Z,KXHIGHNY-26AUG30-B88.5,NY,B88.5,0.00,0.02,0.98,1.00,1092,81,74
2026-08-29T19:49Z,KXHIGHNY-26AUG30-T82,NY,T82,0.47,0.48,0.52,0.53,1863,81,74
2026-08-29T19:49Z,KXHIGHNY-26AUG30-T89,NY,T89,0.00,0.01,0.99,1.00,1014,81,74
2026-08-29T19:59Z,KXHIGHCHI-26AUG29-B80.5,CHI,B80.5,0.00,0.01,0.99,1.00,21928,81,74
2026-08-29T19:59Z,KXHIGHCHI-26AUG29-B82.5,CHI,B82.5,0.91,0.92,0.08,0.09,15654,81,74
2026-08-29T19:59Z,KXHIGHCHI-26AUG29-B84.5,CHI,B84.5,0.05,0.07,0.93,0.95,8910,81,74
2026-08-29T19:59Z,KXHIGHCHI-26AUG29-B86.5,CHI,B86.5,0.00,0.01,0.99,1.00,4100,81,74
2026-08-29T19:59Z,KXHIGHCHI-26AUG29-T80,CHI,T80,0.00,0.01,0.99,1.00,12091,81,74
2026-08-29T19:59Z,KXHIGHCHI-26AUG29-T87,CHI,T87,0.00,0.01,0.99,1.00,1441,81,74
2026-08-29T19:59Z,KXHIGHCHI-26AUG30-B86.5,CHI,B86.5,0.31,0.32,0.68,0.69,211,81,74
2026-08-29T19:59Z,KXHIGHCHI-26AUG30-B88.5,CHI,B88.5,0.25,0.26,0.74,0.75,122,81,74
2026-08-29T19:59Z,KXHIGHCHI-26AUG30-B90.5,CHI,B90.5,0.07,0.08,0.92,0.93,288,81,74
2026-08-29T19:59Z,KXHIGHCHI-26AUG30-B92.5,CHI,B92.5,0.02,0.03,0.97,0.98,198,81,74
2026-08-29T19:59Z,KXHIGHCHI-26AUG30-T86,CHI,T86,0.32,0.33,0.67,0.68,887,81,74
2026-08-29T19:59Z,KXHIGHCHI-26AUG30-T93,CHI,T93,0.00,0.01,0.99,1.00,1049,81,74
2026-08-29T19:59Z,KXHIGHDEN-26AUG29-B90.5,DEN,B90.5,0.39,0.44,0.56,0.61,2719,81,74
2026-08-29T19:59Z,KXHIGHDEN-26AUG29-B92.5,DEN,B92.5,0.53,0.56,0.44,0.47,2410,81,74
2026-08-29T19:59Z,KXHIGHDEN-26AUG29-B94.5,DEN,B94.5,0.00,0.02,0.98,1.00,4011,81,74
2026-08-29T19:59Z,KXHIGHDEN-26AUG29-B96.5,DEN,B96.5,0.00,0.01,0.99,1.00,922,81,74
2026-08-29T19:59Z,KXHIGHDEN-26AUG29-T90,DEN,T90,0.00,0.01,0.99,1.00,3749,81,74
2026-08-29T19:59Z,KXHIGHDEN-26AUG29-T97,DEN,T97,0.00,0.01,0.99,1.00,427,81,74
2026-08-29T19:59Z,KXHIGHDEN-26AUG30-B85.5,DEN,B85.5,0.21,0.23,0.77,0.79,12,81,74
2026-08-29T19:59Z,KXHIGHDEN-26AUG30-B87.5,DEN,B87.5,0.37,0.38,0.62,0.63,186,81,74
2026-08-29T19:59Z,KXHIGHDEN-26AUG30-B89.5,DEN,B89.5,0.17,0.18,0.82,0.83,109,81,74
2026-08-29T19:59Z,KXHIGHDEN-26AUG30-B91.5,DEN,B91.5,0.06,0.10,0.90,0.94,117,81,74
2026-08-29T19:59Z,KXHIGHDEN-26AUG30-T85,DEN,T85,0.04,0.07,0.93,0.96,50,81,74
2026-08-29T19:59Z,KXHIGHDEN-26AUG30-T92,DEN,T92,0.00,0.02,0.98,1.00,905,81,74
2026-08-29T19:59Z,KXHIGHMIA-26AUG29-B88.5,MIA,B88.5,0.00,0.01,0.99,1.00,16876,81,74
2026-08-29T19:59Z,KXHIGHMIA-26AUG29-B90.5,MIA,B90.5,0.00,0.01,0.99,1.00,18284,81,74
2026-08-29T19:59Z,KXHIGHMIA-26AUG29-B92.5,MIA,B92.5,0.00,0.01,0.99,1.00,14996,81,74
2026-08-29T19:59Z,KXHIGHMIA-26AUG29-B94.5,MIA,B94.5,0.00,0.01,0.99,1.00,6320,81,74
2026-08-29T19:59Z,KXHIGHMIA-26AUG29-T88,MIA,T88,0.99,1.00,0.00,0.01,23886,81,74
2026-08-29T19:59Z,KXHIGHMIA-26AUG29-T95,MIA,T95,0.00,0.01,0.99,1.00,1598,81,74
2026-08-29T19:59Z,KXHIGHMIA-26AUG30-B87.5,MIA,B87.5,0.05,0.07,0.93,0.95,175,81,74
2026-08-29T19:59Z,KXHIGHMIA-26AUG30-B89.5,MIA,B89.5,0.35,0.36,0.64,0.65,704,81,74
2026-08-29T19:59Z,KXHIGHMIA-26AUG30-B91.5,MIA,B91.5,0.41,0.42,0.58,0.59,417,81,74
2026-08-29T19:59Z,KXHIGHMIA-26AUG30-B93.5,MIA,B93.5,0.15,0.16,0.84,0.85,698,81,74
2026-08-29T19:59Z,KXHIGHMIA-26AUG30-T87,MIA,T87,0.02,0.03,0.97,0.98,1662,81,74
2026-08-29T19:59Z,KXHIGHMIA-26AUG30-T94,MIA,T94,0.01,0.02,0.98,0.99,347,81,74
2026-08-29T19:59Z,KXHIGHNY-26AUG29-B79.5,NY,B79.5,0.07,0.08,0.92,0.93,17328,81,74
2026-08-29T19:59Z,KXHIGHNY-26AUG29-B81.5,NY,B81.5,0.00,0.01,0.99,1.00,17712,81,74
2026-08-29T19:59Z,KXHIGHNY-26AUG29-B83.5,NY,B83.5,0.00,0.01,0.99,1.00,4493,81,74
2026-08-29T19:59Z,KXHIGHNY-26AUG29-B85.5,NY,B85.5,0.00,0.01,0.99,1.00,4748,81,74
2026-08-29T19:59Z,KXHIGHNY-26AUG29-T79,NY,T79,0.90,0.92,0.08,0.10,25936,81,74
2026-08-29T19:59Z,KXHIGHNY-26AUG29-T86,NY,T86,0.00,0.01,0.99,1.00,2395,81,74
2026-08-29T19:59Z,KXHIGHNY-26AUG30-B82.5,NY,B82.5,0.30,0.31,0.69,0.70,514,81,74
2026-08-29T19:59Z,KXHIGHNY-26AUG30-B84.5,NY,B84.5,0.13,0.14,0.86,0.87,121,81,74
2026-08-29T19:59Z,KXHIGHNY-26AUG30-B86.5,NY,B86.5,0.05,0.06,0.94,0.95,193,81,74
2026-08-29T19:59Z,KXHIGHNY-26AUG30-B88.5,NY,B88.5,0.00,0.02,0.98,1.00,1092,81,74
2026-08-29T19:59Z,KXHIGHNY-26AUG30-T82,NY,T82,0.47,0.48,0.52,0.53,1863,81,74
2026-08-29T19:59Z,KXHIGHNY-26AUG30-T89,NY,T89,0.00,0.01,0.99,1.00,1014,81,74
2026-08-29T20:09Z,KXHIGHCHI-26AUG29-B80.5,CHI,B80.5,0.00,0.01,0.99,1.00,35956,81,74
2026-08-29T20:09Z,KXHIGHCHI-26AUG29-B82.5,CHI,B82.5,0.91,0.92,0.08,0.09,16190,81,74
2026-08-29T20:09Z,KXHIGHCHI-26AUG29-B84.5,CHI,B84.5,0.06,0.07,0.93,0.94,9188,81,74
2026-08-29T20:09Z,KXHIGHCHI-26AUG29-B86.5,CHI,B86.5,0.00,0.01,0.99,1.00,4100,81,74
2026-08-29T20:09Z,KXHIGHCHI-26AUG29-T80,CHI,T80,0.00,0.01,0.99,1.00,12091,81,74
2026-08-29T20:09Z,KXHIGHCHI-26AUG29-T87,CHI,T87,0.00,0.01,0.99,1.00,1441,81,74
2026-08-29T20:09Z,KXHIGHCHI-26AUG30-B86.5,CHI,B86.5,0.31,0.32,0.68,0.69,211,81,74
2026-08-29T20:09Z,KXHIGHCHI-26AUG30-B88.5,CHI,B88.5,0.25,0.26,0.74,0.75,122,81,74
2026-08-29T20:09Z,KXHIGHCHI-26AUG30-B90.5,CHI,B90.5,0.07,0.08,0.92,0.93,288,81,74
2026-08-29T20:09Z,KXHIGHCHI-26AUG30-B92.5,CHI,B92.5,0.01,0.03,0.97,0.99,390,81,74
2026-08-29T20:09Z,KXHIGHCHI-26AUG30-T86,CHI,T86,0.33,0.34,0.66,0.67,887,81,74
2026-08-29T20:09Z,KXHIGHCHI-26AUG30-T93,CHI,T93,0.00,0.01,0.99,1.00,1049,81,74
2026-08-29T20:09Z,KXHIGHDEN-26AUG29-B90.5,DEN,B90.5,0.38,0.42,0.58,0.62,2776,81,74
2026-08-29T20:09Z,KXHIGHDEN-26AUG29-B92.5,DEN,B92.5,0.53,0.59,0.41,0.47,2682,81,74
2026-08-29T20:09Z,KXHIGHDEN-26AUG29-B94.5,DEN,B94.5,0.00,0.02,0.98,1.00,4011,81,74
2026-08-29T20:09Z,KXHIGHDEN-26AUG29-B96.5,DEN,B96.5,0.00,0.01,0.99,1.00,922,81,74
2026-08-29T20:09Z,KXHIGHDEN-26AUG29-T90,DEN,T90,0.00,0.01,0.99,1.00,3749,81,74
2026-08-29T20:09Z,KXHIGHDEN-26AUG29-T97,DEN,T97,0.00,0.01,0.99,1.00,427,81,74
2026-08-29T20:09Z,KXHIGHDEN-26AUG30-B85.5,DEN,B85.5,0.21,0.23,0.77,0.79,12,81,74
2026-08-29T20:09Z,KXHIGHDEN-26AUG30-B87.5,DEN,B87.5,0.37,0.38,0.62,0.63,186,81,74
2026-08-29T20:09Z,KXHIGHDEN-26AUG30-B89.5,DEN,B89.5,0.17,0.18,0.82,0.83,109,81,74
2026-08-29T20:09Z,KXHIGHDEN-26AUG30-B91.5,DEN,B91.5,0.06,0.10,0.90,0.94,117,81,74
2026-08-29T20:09Z,KXHIGHDEN-26AUG30-T85,DEN,T85,0.04,0.07,0.93,0.96,50,81,74
2026-08-29T20:09Z,KXHIGHDEN-26AUG30-T92,DEN,T92,0.00,0.02,0.98,1.00,905,81,74
2026-08-29T20:09Z,KXHIGHMIA-26AUG29-B88.5,MIA,B88.5,0.00,0.01,0.99,1.00,16876,81,74
2026-08-29T20:09Z,KXHIGHMIA-26AUG29-B90.5,MIA,B90.5,0.00,0.01,0.99,1.00,18316,81,74
2026-08-29T20:09Z,KXHIGHMIA-26AUG29-B92.5,MIA,B92.5,0.00,0.01,0.99,1.00,15001,81,74
2026-08-29T20:09Z,KXHIGHMIA-26AUG29-B94.5,MIA,B94.5,0.00,0.01,0.99,1.00,6325,81,74
2026-08-29T20:09Z,KXHIGHMIA-26AUG29-T88,MIA,T88,0.99,1.00,0.00,0.01,24670,81,74
2026-08-29T20:09Z,KXHIGHMIA-26AUG29-T95,MIA,T95,0.00,0.01,0.99,1.00,1604,81,74
2026-08-29T20:09Z,KXHIGHMIA-26AUG30-B87.5,MIA,B87.5,0.05,0.07,0.93,0.95,175,81,74
2026-08-29T20:09Z,KXHIGHMIA-26AUG30-B89.5,MIA,B89.5,0.35,0.36,0.64,0.65,704,81,74
2026-08-29T20:09Z,KXHIGHMIA-26AUG30-B91.5,MIA,B91.5,0.41,0.42,0.58,0.59,418,81,74
2026-08-29T20:09Z,KXHIGHMIA-26AUG30-B93.5,MIA,B93.5,0.15,0.16,0.84,0.85,704,81,74
2026-08-29T20:09Z,KXHIGHMIA-26AUG30-T87,MIA,T87,0.02,0.03,0.97,0.98,1663,81,74
2026-08-29T20:09Z,KXHIGHMIA-26AUG30-T94,MIA,T94,0.01,0.02,0.98,0.99,347,81,74
2026-08-29T20:09Z,KXHIGHNY-26AUG29-B79.5,NY,B79.5,0.07,0.10,0.90,0.93,18137,81,74
2026-08-29T20:09Z,KXHIGHNY-26AUG29-B81.5,NY,B81.5,0.00,0.01,0.99,1.00,17712,81,74
2026-08-29T20:09Z,KXHIGHNY-26AUG29-B83.5,NY,B83.5,0.00,0.01,0.99,1.00,4504,81,74
2026-08-29T20:09Z,KXHIGHNY-26AUG29-B85.5,NY,B85.5,0.00,0.01,0.99,1.00,4748,81,74
2026-08-29T20:09Z,KXHIGHNY-26AUG29-T79,NY,T79,0.90,0.92,0.08,0.10,26970,81,74
2026-08-29T20:09Z,KXHIGHNY-26AUG29-T86,NY,T86,0.00,0.01,0.99,1.00,2395,81,74
2026-08-29T20:09Z,KXHIGHNY-26AUG30-B82.5,NY,B82.5,0.30,0.31,0.69,0.70,514,81,74
2026-08-29T20:09Z,KXHIGHNY-26AUG30-B84.5,NY,B84.5,0.13,0.14,0.86,0.87,121,81,74
2026-08-29T20:09Z,KXHIGHNY-26AUG30-B86.5,NY,B86.5,0.04,0.05,0.95,0.96,456,81,74
2026-08-29T20:09Z,KXHIGHNY-26AUG30-B88.5,NY,B88.5,0.00,0.02,0.98,1.00,1092,81,74
2026-08-29T20:09Z,KXHIGHNY-26AUG30-T82,NY,T82,0.47,0.48,0.52,0.53,1865,81,74
2026-08-29T20:09Z,KXHIGHNY-26AUG30-T89,NY,T89,0.00,0.01,0.99,1.00,1014,81,74
2026-08-29T21:38Z,KXHIGHMIA-26AUG29-T95,MIA,95,0.0000,0.0100,0.9900,1.0000,1603.50,81,75
2026-08-29T21:38Z,KXHIGHMIA-26AUG29-T88,MIA,,0.9800,0.9900,0.0100,0.0200,32386.74,81,75
2026-08-29T21:38Z,KXHIGHMIA-26AUG29-B94.5,MIA,94,0.0000,0.0100,0.9900,1.0000,6324.67,81,75
2026-08-29T21:38Z,KXHIGHMIA-26AUG29-B92.5,MIA,92,0.0000,0.0100,0.9900,1.0000,15109.44,81,75
2026-08-29T21:38Z,KXHIGHMIA-26AUG29-B90.5,MIA,90,0.0100,0.0200,0.9800,0.9900,20996.87,81,75
2026-08-29T21:38Z,KXHIGHMIA-26AUG29-B88.5,MIA,88,0.0000,0.0100,0.9900,1.0000,22187.58,81,75
2026-08-29T21:38Z,KXHIGHMIA-26AUG30-T94,MIA,94,0.0100,0.0200,0.9800,0.9900,347.00,81,75
2026-08-29T21:38Z,KXHIGHMIA-26AUG30-T87,MIA,,0.0300,0.0600,0.9400,0.9700,1800.15,81,75
2026-08-29T21:38Z,KXHIGHMIA-26AUG30-B93.5,MIA,93,0.1300,0.1400,0.8600,0.8700,888.19,81,75
2026-08-29T21:38Z,KXHIGHMIA-26AUG30-B91.5,MIA,91,0.4200,0.4300,0.5700,0.5800,448.23,81,75
2026-08-29T21:38Z,KXHIGHMIA-26AUG30-B89.5,MIA,89,0.3500,0.3600,0.6400,0.6500,710.76,81,75
2026-08-29T21:38Z,KXHIGHMIA-26AUG30-B87.5,MIA,87,0.0600,0.0700,0.9300,0.9400,222.72,81,75
2026-08-29T21:38Z,KXHIGHNY-26AUG29-T86,NY,86,0.0000,0.0100,0.9900,1.0000,2394.69,81,75
2026-08-29T21:38Z,KXHIGHNY-26AUG29-T79,NY,,0.9600,0.9700,0.0300,0.0400,32299.98,81,75
2026-08-29T21:38Z,KXHIGHNY-26AUG29-B85.5,NY,85,0.0000,0.0100,0.9900,1.0000,4748.32,81,75
2026-08-29T21:38Z,KXHIGHNY-26AUG29-B83.5,NY,83,0.0000,0.0100,0.9900,1.0000,4503.57,81,75
2026-08-29T21:38Z,KXHIGHNY-26AUG29-B81.5,NY,81,0.0000,0.0100,0.9900,1.0000,17988.09,81,75
2026-08-29T21:38Z,KXHIGHNY-26AUG29-B79.5,NY,79,0.0300,0.0500,0.9500,0.9700,23854.35,81,75
2026-08-29T21:38Z,KXHIGHNY-26AUG30-T89,NY,89,0.0000,0.0100,0.9900,1.0000,1014.00,81,75
2026-08-29T21:38Z,KXHIGHNY-26AUG30-T82,NY,,0.5100,0.5200,0.4800,0.4900,1999.49,81,75
2026-08-29T21:38Z,KXHIGHNY-26AUG30-B88.5,NY,88,0.0100,0.0200,0.9800,0.9900,1092.00,81,75
2026-08-29T21:38Z,KXHIGHNY-26AUG30-B86.5,NY,86,0.0200,0.0400,0.9600,0.9800,466.03,81,75
2026-08-29T21:38Z,KXHIGHNY-26AUG30-B84.5,NY,84,0.1500,0.1600,0.8400,0.8500,420.92,81,75
2026-08-29T21:38Z,KXHIGHNY-26AUG30-B82.5,NY,82,0.3100,0.3200,0.6800,0.6900,758.13,81,75
2026-08-29T21:38Z,KXHIGHCHI-26AUG29-T87,CHI,87,0.0000,0.0100,0.9900,1.0000,1440.62,81,75
2026-08-29T21:38Z,KXHIGHCHI-26AUG29-T80,CHI,,0.0000,0.0100,0.9900,1.0000,12090.52,81,75
2026-08-29T21:38Z,KXHIGHCHI-26AUG29-B86.5,CHI,86,0.0000,0.0100,0.9900,1.0000,4099.86,81,75
2026-08-29T21:38Z,KXHIGHCHI-26AUG29-B84.5,CHI,84,0.0000,0.0100,0.9900,1.0000,9584.98,81,75
2026-08-29T21:38Z,KXHIGHCHI-26AUG29-B82.5,CHI,82,0.9900,1.0000,0.0000,0.0100,19268.19,81,75
2026-08-29T21:38Z,KXHIGHCHI-26AUG29-B80.5,CHI,80,0.0000,0.0100,0.9900,1.0000,80212.63,81,75
2026-08-29T21:38Z,KXHIGHCHI-26AUG30-T93,CHI,93,0.0000,0.0100,0.9900,1.0000,1049.00,81,75
2026-08-29T21:38Z,KXHIGHCHI-26AUG30-T86,CHI,,0.4000,0.4100,0.5900,0.6000,1099.99,81,75
2026-08-29T21:38Z,KXHIGHCHI-26AUG30-B92.5,CHI,92,0.0100,0.0200,0.9800,0.9900,399.00,81,75
2026-08-29T21:38Z,KXHIGHCHI-26AUG30-B90.5,CHI,90,0.0600,0.0700,0.9300,0.9400,391.94,81,75
2026-08-29T21:38Z,KXHIGHCHI-26AUG30-B88.5,CHI,88,0.2600,0.2700,0.7300,0.7400,236.89,81,75
2026-08-29T21:38Z,KXHIGHCHI-26AUG30-B86.5,CHI,86,0.3000,0.3100,0.6900,0.7000,227.30,81,75
2026-08-29T21:45Z,KXHIGHCHI-26AUG29-B80.5,CHI,B80.5,0.00,0.01,0.99,1.00,80213,81,75
2026-08-29T21:45Z,KXHIGHCHI-26AUG29-B82.5,CHI,B82.5,0.99,1.00,0.00,0.01,19434,81,75
2026-08-29T21:45Z,KXHIGHCHI-26AUG29-B84.5,CHI,B84.5,0.00,0.01,0.99,1.00,9585,81,75
2026-08-29T21:45Z,KXHIGHCHI-26AUG29-B86.5,CHI,B86.5,0.00,0.01,0.99,1.00,4100,81,75
2026-08-29T21:45Z,KXHIGHCHI-26AUG29-T80,CHI,T80,0.00,0.01,0.99,1.00,12091,81,75
2026-08-29T21:45Z,KXHIGHCHI-26AUG29-T87,CHI,T87,0.00,0.01,0.99,1.00,1441,81,75
2026-08-29T21:45Z,KXHIGHCHI-26AUG30-B86.5,CHI,B86.5,0.30,0.31,0.69,0.70,227,81,75
2026-08-29T21:45Z,KXHIGHCHI-26AUG30-B88.5,CHI,B88.5,0.26,0.27,0.73,0.74,237,81,75
2026-08-29T21:45Z,KXHIGHCHI-26AUG30-B90.5,CHI,B90.5,0.06,0.07,0.93,0.94,392,81,75
2026-08-29T21:45Z,KXHIGHCHI-26AUG30-B92.5,CHI,B92.5,0.01,0.02,0.98,0.99,399,81,75
2026-08-29T21:45Z,KXHIGHCHI-26AUG30-T86,CHI,T86,0.40,0.41,0.59,0.60,1100,81,75
2026-08-29T21:45Z,KXHIGHCHI-26AUG30-T93,CHI,T93,0.00,0.01,0.99,1.00,1049,81,75
2026-08-29T21:45Z,KXHIGHDEN-26AUG29-B90.5,DEN,B90.5,0.18,0.23,0.77,0.82,5541,81,75
2026-08-29T21:45Z,KXHIGHDEN-26AUG29-B92.5,DEN,B92.5,0.68,0.71,0.29,0.32,4585,81,75
2026-08-29T21:45Z,KXHIGHDEN-26AUG29-B94.5,DEN,B94.5,0.05,0.08,0.92,0.95,5407,81,75
2026-08-29T21:45Z,KXHIGHDEN-26AUG29-B96.5,DEN,B96.5,0.00,0.01,0.99,1.00,937,81,75
2026-08-29T21:45Z,KXHIGHDEN-26AUG29-T90,DEN,T90,0.00,0.01,0.99,1.00,3785,81,75
2026-08-29T21:45Z,KXHIGHDEN-26AUG29-T97,DEN,T97,0.00,0.01,0.99,1.00,427,81,75
2026-08-29T21:45Z,KXHIGHDEN-26AUG30-B85.5,DEN,B85.5,0.15,0.21,0.79,0.85,36,81,75
2026-08-29T21:45Z,KXHIGHDEN-26AUG30-B87.5,DEN,B87.5,0.39,0.43,0.57,0.61,220,81,75
2026-08-29T21:45Z,KXHIGHDEN-26AUG30-B89.5,DEN,B89.5,0.18,0.20,0.80,0.82,112,81,75
2026-08-29T21:45Z,KXHIGHDEN-26AUG30-B91.5,DEN,B91.5,0.05,0.09,0.91,0.95,121,81,75
2026-08-29T21:45Z,KXHIGHDEN-26AUG30-T85,DEN,T85,0.07,0.14,0.86,0.93,52,81,75
2026-08-29T21:45Z,KXHIGHDEN-26AUG30-T92,DEN,T92,0.00,0.02,0.98,1.00,905,81,75
2026-08-29T21:45Z,KXHIGHMIA-26AUG29-B88.5,MIA,B88.5,0.00,0.01,0.99,1.00,22188,81,75
2026-08-29T21:45Z,KXHIGHMIA-26AUG29-B90.5,MIA,B90.5,0.01,0.02,0.98,0.99,20998,81,75
2026-08-29T21:45Z,KXHIGHMIA-26AUG29-B92.5,MIA,B92.5,0.00,0.01,0.99,1.00,15111,81,75
2026-08-29T21:45Z,KXHIGHMIA-26AUG29-B94.5,MIA,B94.5,0.00,0.01,0.99,1.00,6326,81,75
2026-08-29T21:45Z,KXHIGHMIA-26AUG29-T88,MIA,T88,0.97,0.99,0.01,0.03,32427,81,75
2026-08-29T21:45Z,KXHIGHMIA-26AUG29-T95,MIA,T95,0.00,0.01,0.99,1.00,1604,81,75
2026-08-29T21:45Z,KXHIGHMIA-26AUG30-B87.5,MIA,B87.5,0.06,0.08,0.92,0.94,223,81,75
2026-08-29T21:45Z,KXHIGHMIA-26AUG30-B89.5,MIA,B89.5,0.35,0.38,0.62,0.65,711,81,75
2026-08-29T21:45Z,KXHIGHMIA-26AUG30-B91.5,MIA,B91.5,0.42,0.43,0.57,0.58,471,81,75
2026-08-29T21:45Z,KXHIGHMIA-26AUG30-B93.5,MIA,B93.5,0.13,0.14,0.86,0.87,888,81,75
2026-08-29T21:45Z,KXHIGHMIA-26AUG30-T87,MIA,T87,0.03,0.05,0.95,0.97,1800,81,75
2026-08-29T21:45Z,KXHIGHMIA-26AUG30-T94,MIA,T94,0.01,0.02,0.98,0.99,347,81,75
2026-08-29T21:45Z,KXHIGHNY-26AUG29-B79.5,NY,B79.5,0.01,0.03,0.97,0.99,24108,81,75
2026-08-29T21:45Z,KXHIGHNY-26AUG29-B81.5,NY,B81.5,0.00,0.01,0.99,1.00,17988,81,75
2026-08-29T21:45Z,KXHIGHNY-26AUG29-B83.5,NY,B83.5,0.00,0.01,0.99,1.00,4504,81,75
2026-08-29T21:45Z,KXHIGHNY-26AUG29-B85.5,NY,B85.5,0.00,0.01,0.99,1.00,4748,81,75
2026-08-29T21:45Z,KXHIGHNY-26AUG29-T79,NY,T79,0.97,0.99,0.01,0.03,32548,81,75
2026-08-29T21:45Z,KXHIGHNY-26AUG29-T86,NY,T86,0.00,0.01,0.99,1.00,2395,81,75
2026-08-29T21:45Z,KXHIGHNY-26AUG30-B82.5,NY,B82.5,0.31,0.32,0.68,0.69,758,81,75
2026-08-29T21:45Z,KXHIGHNY-26AUG30-B84.5,NY,B84.5,0.15,0.16,0.84,0.85,421,81,75
2026-08-29T21:45Z,KXHIGHNY-26AUG30-B86.5,NY,B86.5,0.02,0.04,0.96,0.98,466,81,75
2026-08-29T21:45Z,KXHIGHNY-26AUG30-B88.5,NY,B88.5,0.01,0.02,0.98,0.99,1092,81,75
2026-08-29T21:45Z,KXHIGHNY-26AUG30-T82,NY,T82,0.51,0.52,0.48,0.49,2008,81,75
2026-08-29T21:45Z,KXHIGHNY-26AUG30-T89,NY,T89,0.00,0.01,0.99,1.00,1014,81,75
2026-08-29T22:06Z,KXHIGHCHI-26AUG29-B80.5,CHI,B80.5,0.00,0.01,0.99,1.00,83953,81,75
2026-08-29T22:06Z,KXHIGHCHI-26AUG29-B82.5,CHI,B82.5,0.99,1.00,0.00,0.01,19696,81,75
2026-08-29T22:06Z,KXHIGHCHI-26AUG29-B84.5,CHI,B84.5,0.00,0.01,0.99,1.00,9586,81,75
2026-08-29T22:06Z,KXHIGHCHI-26AUG29-B86.5,CHI,B86.5,0.00,0.01,0.99,1.00,4100,81,75
2026-08-29T22:06Z,KXHIGHCHI-26AUG29-T80,CHI,T80,0.00,0.01,0.99,1.00,12091,81,75
2026-08-29T22:06Z,KXHIGHCHI-26AUG29-T87,CHI,T87,0.00,0.01,0.99,1.00,1441,81,75
2026-08-29T22:06Z,KXHIGHCHI-26AUG30-B86.5,CHI,B86.5,0.30,0.31,0.69,0.70,246,81,75
2026-08-29T22:06Z,KXHIGHCHI-26AUG30-B88.5,CHI,B88.5,0.23,0.26,0.74,0.77,256,81,75
2026-08-29T22:06Z,KXHIGHCHI-26AUG30-B90.5,CHI,B90.5,0.03,0.07,0.93,0.97,586,81,75
2026-08-29T22:06Z,KXHIGHCHI-26AUG30-B92.5,CHI,B92.5,0.01,0.02,0.98,0.99,418,81,75
2026-08-29T22:06Z,KXHIGHCHI-26AUG30-T86,CHI,T86,0.43,0.45,0.55,0.57,1304,81,75
2026-08-29T22:06Z,KXHIGHCHI-26AUG30-T93,CHI,T93,0.00,0.01,0.99,1.00,1049,81,75
2026-08-29T22:06Z,KXHIGHDEN-26AUG29-B90.5,DEN,B90.5,0.17,0.19,0.81,0.83,5673,81,75
2026-08-29T22:06Z,KXHIGHDEN-26AUG29-B92.5,DEN,B92.5,0.73,0.75,0.25,0.27,5003,81,75
2026-08-29T22:06Z,KXHIGHDEN-26AUG29-B94.5,DEN,B94.5,0.04,0.05,0.95,0.96,5407,81,75
2026-08-29T22:06Z,KXHIGHDEN-26AUG29-B96.5,DEN,B96.5,0.00,0.01,0.99,1.00,937,81,75
2026-08-29T22:06Z,KXHIGHDEN-26AUG29-T90,DEN,T90,0.00,0.01,0.99,1.00,3785,81,75
2026-08-29T22:06Z,KXHIGHDEN-26AUG29-T97,DEN,T97,0.00,0.01,0.99,1.00,427,81,75
2026-08-29T22:06Z,KXHIGHDEN-26AUG30-B85.5,DEN,B85.5,0.21,0.23,0.77,0.79,36,81,75
2026-08-29T22:06Z,KXHIGHDEN-26AUG30-B87.5,DEN,B87.5,0.40,0.41,0.59,0.60,266,81,75
2026-08-29T22:06Z,KXHIGHDEN-26AUG30-B89.5,DEN,B89.5,0.18,0.19,0.81,0.82,112,81,75
2026-08-29T22:06Z,KXHIGHDEN-26AUG30-B91.5,DEN,B91.5,0.05,0.09,0.91,0.95,121,81,75
2026-08-29T22:06Z,KXHIGHDEN-26AUG30-T85,DEN,T85,0.07,0.08,0.92,0.93,52,81,75
2026-08-29T22:06Z,KXHIGHDEN-26AUG30-T92,DEN,T92,0.00,0.02,0.98,1.00,905,81,75
2026-08-29T22:06Z,KXHIGHMIA-26AUG29-B88.5,MIA,B88.5,0.00,0.01,0.99,1.00,22188,81,75
2026-08-29T22:06Z,KXHIGHMIA-26AUG29-B90.5,MIA,B90.5,0.00,0.02,0.98,1.00,21007,81,75
2026-08-29T22:06Z,KXHIGHMIA-26AUG29-B92.5,MIA,B92.5,0.00,0.01,0.99,1.00,15205,81,75
2026-08-29T22:06Z,KXHIGHMIA-26AUG29-B94.5,MIA,B94.5,0.00,0.01,0.99,1.00,6326,81,75
2026-08-29T22:06Z,KXHIGHMIA-26AUG29-T88,MIA,T88,0.98,1.00,0.00,0.02,32454,81,75
2026-08-29T22:06Z,KXHIGHMIA-26AUG29-T95,MIA,T95,0.00,0.01,0.99,1.00,1604,81,75
2026-08-29T22:06Z,KXHIGHMIA-26AUG30-B87.5,MIA,B87.5,0.06,0.07,0.93,0.94,234,81,75
2026-08-29T22:06Z,KXHIGHMIA-26AUG30-B89.5,MIA,B89.5,0.32,0.36,0.64,0.68,712,81,75
2026-08-29T22:06Z,KXHIGHMIA-26AUG30-B91.5,MIA,B91.5,0.42,0.43,0.57,0.58,489,81,75
2026-08-29T22:06Z,KXHIGHMIA-26AUG30-B93.5,MIA,B93.5,0.13,0.14,0.86,0.87,888,81,75
2026-08-29T22:06Z,KXHIGHMIA-26AUG30-T87,MIA,T87,0.03,0.05,0.95,0.97,1800,81,75
2026-08-29T22:06Z,KXHIGHMIA-26AUG30-T94,MIA,T94,0.01,0.02,0.98,0.99,347,81,75
2026-08-29T22:06Z,KXHIGHNY-26AUG29-B79.5,NY,B79.5,0.01,0.02,0.98,0.99,24573,81,75
2026-08-29T22:06Z,KXHIGHNY-26AUG29-B81.5,NY,B81.5,0.00,0.01,0.99,1.00,17988,81,75
2026-08-29T22:06Z,KXHIGHNY-26AUG29-B83.5,NY,B83.5,0.00,0.01,0.99,1.00,4504,81,75
2026-08-29T22:06Z,KXHIGHNY-26AUG29-B85.5,NY,B85.5,0.00,0.01,0.99,1.00,4748,81,75
2026-08-29T22:06Z,KXHIGHNY-26AUG29-T79,NY,T79,0.97,0.99,0.01,0.03,33084,81,75
2026-08-29T22:06Z,KXHIGHNY-26AUG29-T86,NY,T86,0.00,0.01,0.99,1.00,2395,81,75
2026-08-29T22:06Z,KXHIGHNY-26AUG30-B82.5,NY,B82.5,0.31,0.32,0.68,0.69,772,81,75
2026-08-29T22:06Z,KXHIGHNY-26AUG30-B84.5,NY,B84.5,0.16,0.20,0.80,0.84,603,81,75
2026-08-29T22:06Z,KXHIGHNY-26AUG30-B86.5,NY,B86.5,0.02,0.04,0.96,0.98,466,81,75
2026-08-29T22:06Z,KXHIGHNY-26AUG30-B88.5,NY,B88.5,0.00,0.02,0.98,1.00,1097,81,75
2026-08-29T22:06Z,KXHIGHNY-26AUG30-T82,NY,T82,0.52,0.53,0.47,0.48,2080,81,75
2026-08-29T22:06Z,KXHIGHNY-26AUG30-T89,NY,T89,0.00,0.01,0.99,1.00,1014,81,75
2026-08-29T22:16Z,KXHIGHCHI-26AUG29-B80.5,CHI,B80.5,0.00,0.01,0.99,1.00,83953,81,74
2026-08-29T22:16Z,KXHIGHCHI-26AUG29-B82.5,CHI,B82.5,0.99,1.00,0.00,0.01,19696,81,74
2026-08-29T22:16Z,KXHIGHCHI-26AUG29-B84.5,CHI,B84.5,0.00,0.01,0.99,1.00,9591,81,74
2026-08-29T22:16Z,KXHIGHCHI-26AUG29-B86.5,CHI,B86.5,0.00,0.01,0.99,1.00,4100,81,74
2026-08-29T22:16Z,KXHIGHCHI-26AUG29-T80,CHI,T80,0.00,0.01,0.99,1.00,12091,81,74
2026-08-29T22:16Z,KXHIGHCHI-26AUG29-T87,CHI,T87,0.00,0.01,0.99,1.00,1441,81,74
2026-08-29T22:16Z,KXHIGHCHI-26AUG30-B86.5,CHI,B86.5,0.30,0.31,0.69,0.70,246,81,74
2026-08-29T22:16Z,KXHIGHCHI-26AUG30-B88.5,CHI,B88.5,0.23,0.24,0.76,0.77,273,81,74
2026-08-29T22:16Z,KXHIGHCHI-26AUG30-B90.5,CHI,B90.5,0.02,0.04,0.96,0.98,954,81,74
2026-08-29T22:16Z,KXHIGHCHI-26AUG30-B92.5,CHI,B92.5,0.01,0.02,0.98,0.99,418,81,74
2026-08-29T22:16Z,KXHIGHCHI-26AUG30-T86,CHI,T86,0.46,0.47,0.53,0.54,1398,81,74
2026-08-29T22:16Z,KXHIGHCHI-26AUG30-T93,CHI,T93,0.00,0.01,0.99,1.00,1049,81,74
2026-08-29T22:16Z,KXHIGHDEN-26AUG29-B90.5,DEN,B90.5,0.12,0.23,0.77,0.88,5934,81,74
2026-08-29T22:16Z,KXHIGHDEN-26AUG29-B92.5,DEN,B92.5,0.78,0.79,0.21,0.22,5139,81,74
2026-08-29T22:16Z,KXHIGHDEN-26AUG29-B94.5,DEN,B94.5,0.01,0.04,0.96,0.99,5429,81,74
2026-08-29T22:16Z,KXHIGHDEN-26AUG29-B96.5,DEN,B96.5,0.00,0.01,0.99,1.00,937,81,74
2026-08-29T22:16Z,KXHIGHDEN-26AUG29-T90,DEN,T90,0.00,0.01,0.99,1.00,3785,81,74
2026-08-29T22:16Z,KXHIGHDEN-26AUG29-T97,DEN,T97,0.00,0.01,0.99,1.00,427,81,74
2026-08-29T22:16Z,KXHIGHDEN-26AUG30-B85.5,DEN,B85.5,0.21,0.23,0.77,0.79,36,81,74
2026-08-29T22:16Z,KXHIGHDEN-26AUG30-B87.5,DEN,B87.5,0.38,0.41,0.59,0.62,268,81,74
2026-08-29T22:16Z,KXHIGHDEN-26AUG30-B89.5,DEN,B89.5,0.18,0.19,0.81,0.82,112,81,74
2026-08-29T22:16Z,KXHIGHDEN-26AUG30-B91.5,DEN,B91.5,0.05,0.10,0.90,0.95,121,81,74
2026-08-29T22:16Z,KXHIGHDEN-26AUG30-T85,DEN,T85,0.07,0.08,0.92,0.93,52,81,74
2026-08-29T22:16Z,KXHIGHDEN-26AUG30-T92,DEN,T92,0.00,0.02,0.98,1.00,905,81,74
2026-08-29T22:16Z,KXHIGHMIA-26AUG29-B88.5,MIA,B88.5,0.00,0.01,0.99,1.00,22188,81,74
2026-08-29T22:16Z,KXHIGHMIA-26AUG29-B90.5,MIA,B90.5,0.00,0.02,0.98,1.00,21007,81,74
2026-08-29T22:16Z,KXHIGHMIA-26AUG29-B92.5,MIA,B92.5,0.00,0.01,0.99,1.00,15205,81,74
2026-08-29T22:16Z,KXHIGHMIA-26AUG29-B94.5,MIA,B94.5,0.00,0.01,0.99,1.00,6326,81,74
2026-08-29T22:16Z,KXHIGHMIA-26AUG29-T88,MIA,T88,0.99,1.00,0.00,0.01,32454,81,74
2026-08-29T22:16Z,KXHIGHMIA-26AUG29-T95,MIA,T95,0.00,0.01,0.99,1.00,1604,81,74
2026-08-29T22:16Z,KXHIGHMIA-26AUG30-B87.5,MIA,B87.5,0.06,0.07,0.93,0.94,234,81,74
2026-08-29T22:16Z,KXHIGHMIA-26AUG30-B89.5,MIA,B89.5,0.34,0.36,0.64,0.66,712,81,74
2026-08-29T22:16Z,KXHIGHMIA-26AUG30-B91.5,MIA,B91.5,0.42,0.43,0.57,0.58,489,81,74
2026-08-29T22:16Z,KXHIGHMIA-26AUG30-B93.5,MIA,B93.5,0.13,0.14,0.86,0.87,888,81,74
2026-08-29T22:16Z,KXHIGHMIA-26AUG30-T87,MIA,T87,0.03,0.05,0.95,0.97,1800,81,74
2026-08-29T22:16Z,KXHIGHMIA-26AUG30-T94,MIA,T94,0.01,0.02,0.98,0.99,347,81,74
2026-08-29T22:16Z,KXHIGHNY-26AUG29-B79.5,NY,B79.5,0.01,0.02,0.98,0.99,24929,81,74
2026-08-29T22:16Z,KXHIGHNY-26AUG29-B81.5,NY,B81.5,0.00,0.01,0.99,1.00,17988,81,74
2026-08-29T22:16Z,KXHIGHNY-26AUG29-B83.5,NY,B83.5,0.00,0.01,0.99,1.00,4504,81,74
2026-08-29T22:16Z,KXHIGHNY-26AUG29-B85.5,NY,B85.5,0.00,0.01,0.99,1.00,4748,81,74
2026-08-29T22:16Z,KXHIGHNY-26AUG29-T79,NY,T79,0.97,0.99,0.01,0.03,33134,81,74
2026-08-29T22:16Z,KXHIGHNY-26AUG29-T86,NY,T86,0.00,0.01,0.99,1.00,2395,81,74
2026-08-29T22:16Z,KXHIGHNY-26AUG30-B82.5,NY,B82.5,0.31,0.32,0.68,0.69,831,81,74
2026-08-29T22:16Z,KXHIGHNY-26AUG30-B84.5,NY,B84.5,0.15,0.16,0.84,0.85,662,81,74
2026-08-29T22:16Z,KXHIGHNY-26AUG30-B86.5,NY,B86.5,0.02,0.03,0.97,0.98,525,81,74
2026-08-29T22:16Z,KXHIGHNY-26AUG30-B88.5,NY,B88.5,0.00,0.01,0.99,1.00,1097,81,74
2026-08-29T22:16Z,KXHIGHNY-26AUG30-T82,NY,T82,0.55,0.56,0.44,0.45,2252,81,74
2026-08-29T22:16Z,KXHIGHNY-26AUG30-T89,NY,T89,0.00,0.01,0.99,1.00,1014,81,74
2026-08-29T22:25Z,KXHIGHCHI-26AUG29-B80.5,CHI,B80.5,0.00,0.01,0.99,1.00,83963,81,74
2026-08-29T22:25Z,KXHIGHCHI-26AUG29-B82.5,CHI,B82.5,0.99,1.00,0.00,0.01,19696,81,74
2026-08-29T22:25Z,KXHIGHCHI-26AUG29-B84.5,CHI,B84.5,0.00,0.01,0.99,1.00,9591,81,74
2026-08-29T22:25Z,KXHIGHCHI-26AUG29-B86.5,CHI,B86.5,0.00,0.01,0.99,1.00,4100,81,74
2026-08-29T22:25Z,KXHIGHCHI-26AUG29-T80,CHI,T80,0.00,0.01,0.99,1.00,12091,81,74
2026-08-29T22:25Z,KXHIGHCHI-26AUG29-T87,CHI,T87,0.00,0.01,0.99,1.00,1441,81,74
2026-08-29T22:25Z,KXHIGHCHI-26AUG30-B86.5,CHI,B86.5,0.30,0.31,0.69,0.70,246,81,74
2026-08-29T22:25Z,KXHIGHCHI-26AUG30-B88.5,CHI,B88.5,0.22,0.23,0.77,0.78,310,81,74
2026-08-29T22:25Z,KXHIGHCHI-26AUG30-B90.5,CHI,B90.5,0.02,0.04,0.96,0.98,954,81,74
2026-08-29T22:25Z,KXHIGHCHI-26AUG30-B92.5,CHI,B92.5,0.01,0.02,0.98,0.99,418,81,74
2026-08-29T22:25Z,KXHIGHCHI-26AUG30-T86,CHI,T86,0.47,0.48,0.52,0.53,1459,81,74
2026-08-29T22:25Z,KXHIGHCHI-26AUG30-T93,CHI,T93,0.00,0.01,0.99,1.00,1049,81,74
2026-08-29T22:25Z,KXHIGHDEN-26AUG29-B90.5,DEN,B90.5,0.00,0.01,0.99,1.00,7719,81,74
2026-08-29T22:25Z,KXHIGHDEN-26AUG29-B92.5,DEN,B92.5,0.95,0.98,0.02,0.05,6946,81,74
2026-08-29T22:25Z,KXHIGHDEN-26AUG29-B94.5,DEN,B94.5,0.00,0.03,0.97,1.00,5438,81,74
2026-08-29T22:25Z,KXHIGHDEN-26AUG29-B96.5,DEN,B96.5,0.00,0.01,0.99,1.00,937,81,74
2026-08-29T22:25Z,KXHIGHDEN-26AUG29-T90,DEN,T90,0.00,0.01,0.99,1.00,3785,81,74
2026-08-29T22:25Z,KXHIGHDEN-26AUG29-T97,DEN,T97,0.00,0.01,0.99,1.00,427,81,74
2026-08-29T22:25Z,KXHIGHDEN-26AUG30-B85.5,DEN,B85.5,0.21,0.23,0.77,0.79,36,81,74
2026-08-29T22:25Z,KXHIGHDEN-26AUG30-B87.5,DEN,B87.5,0.37,0.38,0.62,0.63,268,81,74
2026-08-29T22:25Z,KXHIGHDEN-26AUG30-B89.5,DEN,B89.5,0.18,0.19,0.81,0.82,112,81,74
2026-08-29T22:25Z,KXHIGHDEN-26AUG30-B91.5,DEN,B91.5,0.05,0.10,0.90,0.95,121,81,74
2026-08-29T22:25Z,KXHIGHDEN-26AUG30-T85,DEN,T85,0.07,0.08,0.92,0.93,52,81,74
2026-08-29T22:25Z,KXHIGHDEN-26AUG30-T92,DEN,T92,0.00,0.02,0.98,1.00,905,81,74
2026-08-29T22:25Z,KXHIGHMIA-26AUG29-B88.5,MIA,B88.5,0.00,0.01,0.99,1.00,22188,81,74
2026-08-29T22:25Z,KXHIGHMIA-26AUG29-B90.5,MIA,B90.5,0.00,0.02,0.98,1.00,21007,81,74
2026-08-29T22:25Z,KXHIGHMIA-26AUG29-B92.5,MIA,B92.5,0.00,0.01,0.99,1.00,15205,81,74
2026-08-29T22:25Z,KXHIGHMIA-26AUG29-B94.5,MIA,B94.5,0.00,0.01,0.99,1.00,6326,81,74
2026-08-29T22:25Z,KXHIGHMIA-26AUG29-T88,MIA,T88,0.99,1.00,0.00,0.01,32454,81,74
2026-08-29T22:25Z,KXHIGHMIA-26AUG29-T95,MIA,T95,0.00,0.01,0.99,1.00,1604,81,74
2026-08-29T22:25Z,KXHIGHMIA-26AUG30-B87.5,MIA,B87.5,0.06,0.07,0.93,0.94,234,81,74
2026-08-29T22:25Z,KXHIGHMIA-26AUG30-B89.5,MIA,B89.5,0.31,0.36,0.64,0.69,712,81,74
2026-08-29T22:25Z,KXHIGHMIA-26AUG30-B91.5,MIA,B91.5,0.42,0.44,0.56,0.58,512,81,74
2026-08-29T22:25Z,KXHIGHMIA-26AUG30-B93.5,MIA,B93.5,0.13,0.14,0.86,0.87,910,81,74
2026-08-29T22:25Z,KXHIGHMIA-26AUG30-T87,MIA,T87,0.03,0.04,0.96,0.97,1800,81,74
2026-08-29T22:25Z,KXHIGHMIA-26AUG30-T94,MIA,T94,0.01,0.02,0.98,0.99,347,81,74
2026-08-29T22:25Z,KXHIGHNY-26AUG29-B79.5,NY,B79.5,0.01,0.03,0.97,0.99,25319,81,74
2026-08-29T22:25Z,KXHIGHNY-26AUG29-B81.5,NY,B81.5,0.00,0.01,0.99,1.00,18035,81,74
2026-08-29T22:25Z,KXHIGHNY-26AUG29-B83.5,NY,B83.5,0.00,0.01,0.99,1.00,4504,81,74
2026-08-29T22:25Z,KXHIGHNY-26AUG29-B85.5,NY,B85.5,0.00,0.01,0.99,1.00,4748,81,74
2026-08-29T22:25Z,KXHIGHNY-26AUG29-T79,NY,T79,0.97,0.99,0.01,0.03,33185,81,74
2026-08-29T22:25Z,KXHIGHNY-26AUG29-T86,NY,T86,0.00,0.01,0.99,1.00,2395,81,74
2026-08-29T22:25Z,KXHIGHNY-26AUG30-B82.5,NY,B82.5,0.31,0.32,0.68,0.69,831,81,74
2026-08-29T22:25Z,KXHIGHNY-26AUG30-B84.5,NY,B84.5,0.15,0.18,0.82,0.85,682,81,74
2026-08-29T22:25Z,KXHIGHNY-26AUG30-B86.5,NY,B86.5,0.02,0.03,0.97,0.98,525,81,74
2026-08-29T22:25Z,KXHIGHNY-26AUG30-B88.5,NY,B88.5,0.00,0.01,0.99,1.00,1097,81,74
2026-08-29T22:25Z,KXHIGHNY-26AUG30-T82,NY,T82,0.53,0.55,0.45,0.47,2255,81,74
2026-08-29T22:25Z,KXHIGHNY-26AUG30-T89,NY,T89,0.00,0.01,0.99,1.00,1014,81,74
2026-08-29T22:46Z,KXHIGHCHI-26AUG29-B80.5,CHI,B80.5,0.00,0.01,0.99,1.00,84813,81,74
2026-08-29T22:46Z,KXHIGHCHI-26AUG29-B82.5,CHI,B82.5,0.99,1.00,0.00,0.01,19696,81,74
2026-08-29T22:46Z,KXHIGHCHI-26AUG29-B84.5,CHI,B84.5,0.00,0.01,0.99,1.00,9591,81,74
2026-08-29T22:46Z,KXHIGHCHI-26AUG29-B86.5,CHI,B86.5,0.00,0.01,0.99,1.00,4100,81,74
2026-08-29T22:46Z,KXHIGHCHI-26AUG29-T80,CHI,T80,0.00,0.01,0.99,1.00,12091,81,74
2026-08-29T22:46Z,KXHIGHCHI-26AUG29-T87,CHI,T87,0.00,0.01,0.99,1.00,1441,81,74
2026-08-29T22:46Z,KXHIGHCHI-26AUG30-B86.5,CHI,B86.5,0.30,0.31,0.69,0.70,246,81,74
2026-08-29T22:46Z,KXHIGHCHI-26AUG30-B88.5,CHI,B88.5,0.22,0.23,0.77,0.78,310,81,74
2026-08-29T22:46Z,KXHIGHCHI-26AUG30-B90.5,CHI,B90.5,0.03,0.04,0.96,0.97,954,81,74
2026-08-29T22:46Z,KXHIGHCHI-26AUG30-B92.5,CHI,B92.5,0.01,0.02,0.98,0.99,418,81,74
2026-08-29T22:46Z,KXHIGHCHI-26AUG30-T86,CHI,T86,0.47,0.48,0.52,0.53,1460,81,74
2026-08-29T22:46Z,KXHIGHCHI-26AUG30-T93,CHI,T93,0.00,0.01,0.99,1.00,1049,81,74
2026-08-29T22:46Z,KXHIGHDEN-26AUG29-B90.5,DEN,B90.5,0.00,0.01,0.99,1.00,9016,81,74
2026-08-29T22:46Z,KXHIGHDEN-26AUG29-B92.5,DEN,B92.5,0.95,0.99,0.01,0.05,7818,81,74
2026-08-29T22:46Z,KXHIGHDEN-26AUG29-B94.5,DEN,B94.5,0.00,0.02,0.98,1.00,5438,81,74
2026-08-29T22:46Z,KXHIGHDEN-26AUG29-B96.5,DEN,B96.5,0.00,0.01,0.99,1.00,937,81,74
2026-08-29T22:46Z,KXHIGHDEN-26AUG29-T90,DEN,T90,0.00,0.01,0.99,1.00,4044,81,74
2026-08-29T22:46Z,KXHIGHDEN-26AUG29-T97,DEN,T97,0.00,0.01,0.99,1.00,427,81,74
2026-08-29T22:46Z,KXHIGHDEN-26AUG30-B85.5,DEN,B85.5,0.21,0.22,0.78,0.79,36,81,74
2026-08-29T22:46Z,KXHIGHDEN-26AUG30-B87.5,DEN,B87.5,0.37,0.38,0.62,0.63,268,81,74
2026-08-29T22:46Z,KXHIGHDEN-26AUG30-B89.5,DEN,B89.5,0.18,0.22,0.78,0.82,112,81,74
2026-08-29T22:46Z,KXHIGHDEN-26AUG30-B91.5,DEN,B91.5,0.05,0.10,0.90,0.95,121,81,74
2026-08-29T22:46Z,KXHIGHDEN-26AUG30-T85,DEN,T85,0.07,0.08,0.92,0.93,52,81,74
2026-08-29T22:46Z,KXHIGHDEN-26AUG30-T92,DEN,T92,0.00,0.02,0.98,1.00,905,81,74
2026-08-29T22:46Z,KXHIGHMIA-26AUG29-B88.5,MIA,B88.5,0.00,0.01,0.99,1.00,22188,81,74
2026-08-29T22:46Z,KXHIGHMIA-26AUG29-B90.5,MIA,B90.5,0.00,0.02,0.98,1.00,21007,81,74
2026-08-29T22:46Z,KXHIGHMIA-26AUG29-B92.5,MIA,B92.5,0.00,0.01,0.99,1.00,15205,81,74
2026-08-29T22:46Z,KXHIGHMIA-26AUG29-B94.5,MIA,B94.5,0.00,0.01,0.99,1.00,6326,81,74
2026-08-29T22:46Z,KXHIGHMIA-26AUG29-T88,MIA,T88,0.98,1.00,0.00,0.02,32455,81,74
2026-08-29T22:46Z,KXHIGHMIA-26AUG29-T95,MIA,T95,0.00,0.01,0.99,1.00,1604,81,74
2026-08-29T22:46Z,KXHIGHMIA-26AUG30-B87.5,MIA,B87.5,0.07,0.08,0.92,0.93,336,81,74
2026-08-29T22:46Z,KXHIGHMIA-26AUG30-B89.5,MIA,B89.5,0.33,0.35,0.65,0.67,712,81,74
2026-08-29T22:46Z,KXHIGHMIA-26AUG30-B91.5,MIA,B91.5,0.43,0.44,0.56,0.57,523,81,74
2026-08-29T22:46Z,KXHIGHMIA-26AUG30-B93.5,MIA,B93.5,0.13,0.14,0.86,0.87,910,81,74
2026-08-29T22:46Z,KXHIGHMIA-26AUG30-T87,MIA,T87,0.03,0.04,0.96,0.97,1800,81,74
2026-08-29T22:46Z,KXHIGHMIA-26AUG30-T94,MIA,T94,0.01,0.02,0.98,0.99,347,81,74
2026-08-29T22:46Z,KXHIGHNY-26AUG29-B79.5,NY,B79.5,0.01,0.03,0.97,0.99,25518,81,74
2026-08-29T22:46Z,KXHIGHNY-26AUG29-B81.5,NY,B81.5,0.00,0.01,0.99,1.00,18035,81,74
2026-08-29T22:46Z,KXHIGHNY-26AUG29-B83.5,NY,B83.5,0.00,0.01,0.99,1.00,4504,81,74
2026-08-29T22:46Z,KXHIGHNY-26AUG29-B85.5,NY,B85.5,0.00,0.01,0.99,1.00,4748,81,74
2026-08-29T22:46Z,KXHIGHNY-26AUG29-T79,NY,T79,0.97,0.99,0.01,0.03,33220,81,74
2026-08-29T22:46Z,KXHIGHNY-26AUG29-T86,NY,T86,0.00,0.01,0.99,1.00,2395,81,74
2026-08-29T22:46Z,KXHIGHNY-26AUG30-B82.5,NY,B82.5,0.31,0.32,0.68,0.69,831,81,74
2026-08-29T22:46Z,KXHIGHNY-26AUG30-B84.5,NY,B84.5,0.15,0.16,0.84,0.85,689,81,74
2026-08-29T22:46Z,KXHIGHNY-26AUG30-B86.5,NY,B86.5,0.02,0.03,0.97,0.98,531,81,74
2026-08-29T22:46Z,KXHIGHNY-26AUG30-B88.5,NY,B88.5,0.00,0.01,0.99,1.00,1097,81,74
2026-08-29T22:46Z,KXHIGHNY-26AUG30-T82,NY,T82,0.55,0.56,0.44,0.45,2273,81,74
2026-08-29T22:46Z,KXHIGHNY-26AUG30-T89,NY,T89,0.00,0.01,0.99,1.00,1014,81,74
2026-08-29T22:56Z,KXHIGHMIA-26AUG29-T95,MIA,95,0.0000,0.0100,0.9900,1.0000,1603.50,81,74
2026-08-29T22:56Z,KXHIGHMIA-26AUG29-T88,MIA,,0.9800,1.0000,0.0000,0.0200,32454.64,81,74
2026-08-29T22:56Z,KXHIGHMIA-26AUG29-B94.5,MIA,94,0.0000,0.0100,0.9900,1.0000,6325.73,81,74
2026-08-29T22:56Z,KXHIGHMIA-26AUG29-B92.5,MIA,92,0.0000,0.0100,0.9900,1.0000,15205.00,81,74
2026-08-29T22:56Z,KXHIGHMIA-26AUG29-B90.5,MIA,90,0.0000,0.0200,0.9800,1.0000,21164.51,81,74
2026-08-29T22:56Z,KXHIGHMIA-26AUG29-B88.5,MIA,88,0.0000,0.0100,0.9900,1.0000,22374.61,81,74
2026-08-29T22:56Z,KXHIGHMIA-26AUG30-T94,MIA,94,0.0100,0.0200,0.9800,0.9900,347.00,81,74
2026-08-29T22:56Z,KXHIGHMIA-26AUG30-T87,MIA,,0.0300,0.0400,0.9600,0.9700,1800.15,81,74
2026-08-29T22:56Z,KXHIGHMIA-26AUG30-B93.5,MIA,93,0.1300,0.1400,0.8600,0.8700,910.19,81,74
2026-08-29T22:56Z,KXHIGHMIA-26AUG30-B91.5,MIA,91,0.4400,0.4500,0.5500,0.5600,549.04,81,74
2026-08-29T22:56Z,KXHIGHMIA-26AUG30-B89.5,MIA,89,0.3200,0.3600,0.6400,0.6800,738.34,81,74
2026-08-29T22:56Z,KXHIGHMIA-26AUG30-B87.5,MIA,87,0.0700,0.0800,0.9200,0.9300,336.24,81,74
2026-08-29T22:56Z,KXHIGHNY-26AUG29-T86,NY,86,0.0000,0.0100,0.9900,1.0000,2394.69,81,74
2026-08-29T22:56Z,KXHIGHNY-26AUG29-T79,NY,,0.9700,0.9900,0.0100,0.0300,33280.91,81,74
2026-08-29T22:56Z,KXHIGHNY-26AUG29-B85.5,NY,85,0.0000,0.0100,0.9900,1.0000,4748.32,81,74
2026-08-29T22:56Z,KXHIGHNY-26AUG29-B83.5,NY,83,0.0000,0.0100,0.9900,1.0000,4503.57,81,74
2026-08-29T22:56Z,KXHIGHNY-26AUG29-B81.5,NY,81,0.0000,0.0100,0.9900,1.0000,18035.09,81,74
2026-08-29T22:56Z,KXHIGHNY-26AUG29-B79.5,NY,79,0.0100,0.0300,0.9700,0.9900,25550.33,81,74
2026-08-29T22:56Z,KXHIGHNY-26AUG30-T89,NY,89,0.0000,0.0100,0.9900,1.0000,1014.00,81,74
2026-08-29T22:56Z,KXHIGHNY-26AUG30-T82,NY,,0.5600,0.5700,0.4300,0.4400,2344.56,81,74
2026-08-29T22:56Z,KXHIGHNY-26AUG30-B88.5,NY,88,0.0000,0.0100,0.9900,1.0000,1097.00,81,74
2026-08-29T22:56Z,KXHIGHNY-26AUG30-B86.5,NY,86,0.0200,0.0300,0.9700,0.9800,541.14,81,74
2026-08-29T22:56Z,KXHIGHNY-26AUG30-B84.5,NY,84,0.1500,0.1600,0.8400,0.8500,699.04,81,74
2026-08-29T22:56Z,KXHIGHNY-26AUG30-B82.5,NY,82,0.3100,0.3200,0.6800,0.6900,870.96,81,74
2026-08-29T22:56Z,KXHIGHCHI-26AUG29-T87,CHI,87,0.0000,0.0100,0.9900,1.0000,1440.62,81,74
2026-08-29T22:56Z,KXHIGHCHI-26AUG29-T80,CHI,,0.0000,0.0100,0.9900,1.0000,12090.52,81,74
2026-08-29T22:56Z,KXHIGHCHI-26AUG29-B86.5,CHI,86,0.0000,0.0100,0.9900,1.0000,4099.86,81,74
2026-08-29T22:56Z,KXHIGHCHI-26AUG29-B84.5,CHI,84,0.0000,0.0100,0.9900,1.0000,9591.26,81,74
2026-08-29T22:56Z,KXHIGHCHI-26AUG29-B82.5,CHI,82,0.9900,1.0000,0.0000,0.0100,19713.51,81,74
2026-08-29T22:56Z,KXHIGHCHI-26AUG29-B80.5,CHI,80,0.0000,0.0100,0.9900,1.0000,84979.72,81,74
2026-08-29T22:56Z,KXHIGHCHI-26AUG30-T93,CHI,93,0.0000,0.0100,0.9900,1.0000,1049.00,81,74
2026-08-29T22:56Z,KXHIGHCHI-26AUG30-T86,CHI,,0.4700,0.4800,0.5200,0.5300,1479.90,81,74
2026-08-29T22:56Z,KXHIGHCHI-26AUG30-B92.5,CHI,92,0.0100,0.0200,0.9800,0.9900,418.00,81,74
2026-08-29T22:56Z,KXHIGHCHI-26AUG30-B90.5,CHI,90,0.0200,0.0400,0.9600,0.9800,953.94,81,74
2026-08-29T22:56Z,KXHIGHCHI-26AUG30-B88.5,CHI,88,0.2000,0.2100,0.7900,0.8000,378.54,81,74
2026-08-29T22:56Z,KXHIGHCHI-26AUG30-B86.5,CHI,86,0.3000,0.3100,0.6900,0.7000,278.07,81,74
2026-08-29T23:06Z,KXHIGHCHI-26AUG29-B80.5,CHI,B80.5,0.00,0.01,0.99,1.00,84980,81,74
2026-08-29T23:06Z,KXHIGHCHI-26AUG29-B82.5,CHI,B82.5,0.99,1.00,0.00,0.01,19714,81,74
2026-08-29T23:06Z,KXHIGHCHI-26AUG29-B84.5,CHI,B84.5,0.00,0.01,0.99,1.00,9591,81,74
2026-08-29T23:06Z,KXHIGHCHI-26AUG29-B86.5,CHI,B86.5,0.00,0.01,0.99,1.00,4100,81,74
2026-08-29T23:06Z,KXHIGHCHI-26AUG29-T80,CHI,T80,0.00,0.01,0.99,1.00,12093,81,74
2026-08-29T23:06Z,KXHIGHCHI-26AUG29-T87,CHI,T87,0.00,0.01,0.99,1.00,1441,81,74
2026-08-29T23:06Z,KXHIGHCHI-26AUG30-B86.5,CHI,B86.5,0.30,0.31,0.69,0.70,278,81,74
2026-08-29T23:06Z,KXHIGHCHI-26AUG30-B88.5,CHI,B88.5,0.20,0.21,0.79,0.80,379,81,74
2026-08-29T23:06Z,KXHIGHCHI-26AUG30-B90.5,CHI,B90.5,0.02,0.04,0.96,0.98,954,81,74
2026-08-29T23:06Z,KXHIGHCHI-26AUG30-B92.5,CHI,B92.5,0.01,0.02,0.98,0.99,418,81,74
2026-08-29T23:06Z,KXHIGHCHI-26AUG30-T86,CHI,T86,0.47,0.48,0.52,0.53,1531,81,74
2026-08-29T23:06Z,KXHIGHCHI-26AUG30-T93,CHI,T93,0.00,0.01,0.99,1.00,1049,81,74
2026-08-29T23:06Z,KXHIGHDEN-26AUG29-B90.5,DEN,B90.5,0.00,0.01,0.99,1.00,9016,81,74
2026-08-29T23:06Z,KXHIGHDEN-26AUG29-B92.5,DEN,B92.5,0.97,0.99,0.01,0.03,7819,81,74
2026-08-29T23:06Z,KXHIGHDEN-26AUG29-B94.5,DEN,B94.5,0.01,0.02,0.98,0.99,5442,81,74
2026-08-29T23:06Z,KXHIGHDEN-26AUG29-B96.5,DEN,B96.5,0.00,0.01,0.99,1.00,937,81,74
2026-08-29T23:06Z,KXHIGHDEN-26AUG29-T90,DEN,T90,0.00,0.01,0.99,1.00,4044,81,74
2026-08-29T23:06Z,KXHIGHDEN-26AUG29-T97,DEN,T97,0.00,0.01,0.99,1.00,427,81,74
2026-08-29T23:06Z,KXHIGHDEN-26AUG30-B85.5,DEN,B85.5,0.21,0.22,0.78,0.79,36,81,74
2026-08-29T23:06Z,KXHIGHDEN-26AUG30-B87.5,DEN,B87.5,0.37,0.38,0.62,0.63,268,81,74
2026-08-29T23:06Z,KXHIGHDEN-26AUG30-B89.5,DEN,B89.5,0.18,0.22,0.78,0.82,112,81,74
2026-08-29T23:06Z,KXHIGHDEN-26AUG30-B91.5,DEN,B91.5,0.05,0.10,0.90,0.95,121,81,74
2026-08-29T23:06Z,KXHIGHDEN-26AUG30-T85,DEN,T85,0.07,0.08,0.92,0.93,52,81,74
2026-08-29T23:06Z,KXHIGHDEN-26AUG30-T92,DEN,T92,0.00,0.02,0.98,1.00,905,81,74
2026-08-29T23:06Z,KXHIGHMIA-26AUG29-B88.5,MIA,B88.5,0.00,0.01,0.99,1.00,22375,81,74
2026-08-29T23:06Z,KXHIGHMIA-26AUG29-B90.5,MIA,B90.5,0.00,0.02,0.98,1.00,21165,81,74
2026-08-29T23:06Z,KXHIGHMIA-26AUG29-B92.5,MIA,B92.5,0.00,0.01,0.99,1.00,15205,81,74
2026-08-29T23:06Z,KXHIGHMIA-26AUG29-B94.5,MIA,B94.5,0.00,0.01,0.99,1.00,6326,81,74
2026-08-29T23:06Z,KXHIGHMIA-26AUG29-T88,MIA,T88,0.98,1.00,0.00,0.02,32689,81,74
2026-08-29T23:06Z,KXHIGHMIA-26AUG29-T95,MIA,T95,0.00,0.01,0.99,1.00,1604,81,74
2026-08-29T23:06Z,KXHIGHMIA-26AUG30-B87.5,MIA,B87.5,0.07,0.08,0.92,0.93,336,81,74
2026-08-29T23:06Z,KXHIGHMIA-26AUG30-B89.5,MIA,B89.5,0.30,0.35,0.65,0.70,738,81,74
2026-08-29T23:06Z,KXHIGHMIA-26AUG30-B91.5,MIA,B91.5,0.44,0.45,0.55,0.56,549,81,74
2026-08-29T23:06Z,KXHIGHMIA-26AUG30-B93.5,MIA,B93.5,0.13,0.14,0.86,0.87,910,81,74
2026-08-29T23:06Z,KXHIGHMIA-26AUG30-T87,MIA,T87,0.03,0.04,0.96,0.97,1800,81,74
2026-08-29T23:06Z,KXHIGHMIA-26AUG30-T94,MIA,T94,0.01,0.02,0.98,0.99,347,81,74
2026-08-29T23:06Z,KXHIGHNY-26AUG29-B79.5,NY,B79.5,0.01,0.03,0.97,0.99,25569,81,74
2026-08-29T23:06Z,KXHIGHNY-26AUG29-B81.5,NY,B81.5,0.00,0.01,0.99,1.00,18035,81,74
2026-08-29T23:06Z,KXHIGHNY-26AUG29-B83.5,NY,B83.5,0.00,0.01,0.99,1.00,4504,81,74
2026-08-29T23:06Z,KXHIGHNY-26AUG29-B85.5,NY,B85.5,0.00,0.01,0.99,1.00,4748,81,74
2026-08-29T23:06Z,KXHIGHNY-26AUG29-T79,NY,T79,0.97,0.99,0.01,0.03,33556,81,74
2026-08-29T23:06Z,KXHIGHNY-26AUG29-T86,NY,T86,0.00,0.01,0.99,1.00,2395,81,74
2026-08-29T23:06Z,KXHIGHNY-26AUG30-B82.5,NY,B82.5,0.31,0.32,0.68,0.69,871,81,74
2026-08-29T23:06Z,KXHIGHNY-26AUG30-B84.5,NY,B84.5,0.15,0.16,0.84,0.85,699,81,74
2026-08-29T23:06Z,KXHIGHNY-26AUG30-B86.5,NY,B86.5,0.02,0.03,0.97,0.98,541,81,74
2026-08-29T23:06Z,KXHIGHNY-26AUG30-B88.5,NY,B88.5,0.00,0.01,0.99,1.00,1097,81,74
2026-08-29T23:06Z,KXHIGHNY-26AUG30-T82,NY,T82,0.56,0.57,0.43,0.44,2345,81,74
2026-08-29T23:06Z,KXHIGHNY-26AUG30-T89,NY,T89,0.00,0.01,0.99,1.00,1014,81,74
2026-08-29T23:16Z,KXHIGHCHI-26AUG29-B80.5,CHI,B80.5,0.00,0.01,0.99,1.00,88720,81,74
2026-08-29T23:16Z,KXHIGHCHI-26AUG29-B82.5,CHI,B82.5,0.99,1.00,0.00,0.01,19714,81,74
2026-08-29T23:16Z,KXHIGHCHI-26AUG29-B84.5,CHI,B84.5,0.00,0.01,0.99,1.00,9591,81,74
2026-08-29T23:16Z,KXHIGHCHI-26AUG29-B86.5,CHI,B86.5,0.00,0.01,0.99,1.00,4100,81,74
2026-08-29T23:16Z,KXHIGHCHI-26AUG29-T80,CHI,T80,0.00,0.01,0.99,1.00,12093,81,74
2026-08-29T23:16Z,KXHIGHCHI-26AUG29-T87,CHI,T87,0.00,0.01,0.99,1.00,1441,81,74
2026-08-29T23:16Z,KXHIGHCHI-26AUG30-B86.5,CHI,B86.5,0.30,0.31,0.69,0.70,278,81,74
2026-08-29T23:16Z,KXHIGHCHI-26AUG30-B88.5,CHI,B88.5,0.20,0.21,0.79,0.80,411,81,74
2026-08-29T23:16Z,KXHIGHCHI-26AUG30-B90.5,CHI,B90.5,0.02,0.04,0.96,0.98,954,81,74
2026-08-29T23:16Z,KXHIGHCHI-26AUG30-B92.5,CHI,B92.5,0.01,0.02,0.98,0.99,418,81,74
2026-08-29T23:16Z,KXHIGHCHI-26AUG30-T86,CHI,T86,0.47,0.48,0.52,0.53,1593,81,74
2026-08-29T23:16Z,KXHIGHCHI-26AUG30-T93,CHI,T93,0.00,0.01,0.99,1.00,1049,81,74
2026-08-29T23:16Z,KXHIGHDEN-26AUG29-B90.5,DEN,B90.5,0.00,0.01,0.99,1.00,9016,81,74
2026-08-29T23:16Z,KXHIGHDEN-26AUG29-B92.5,DEN,B92.5,0.99,1.00,0.00,0.01,8330,81,74
2026-08-29T23:16Z,KXHIGHDEN-26AUG29-B94.5,DEN,B94.5,0.00,0.01,0.99,1.00,5444,81,74
2026-08-29T23:16Z,KXHIGHDEN-26AUG29-B96.5,DEN,B96.5,0.00,0.01,0.99,1.00,937,81,74
2026-08-29T23:16Z,KXHIGHDEN-26AUG29-T90,DEN,T90,0.00,0.01,0.99,1.00,4044,81,74
2026-08-29T23:16Z,KXHIGHDEN-26AUG29-T97,DEN,T97,0.00,0.01,0.99,1.00,427,81,74
2026-08-29T23:16Z,KXHIGHDEN-26AUG30-B85.5,DEN,B85.5,0.13,0.20,0.80,0.87,36,81,74
2026-08-29T23:16Z,KXHIGHDEN-26AUG30-B87.5,DEN,B87.5,0.39,0.44,0.56,0.61,316,81,74
2026-08-29T23:16Z,KXHIGHDEN-26AUG30-B89.5,DEN,B89.5,0.18,0.23,0.77,0.82,112,81,74
2026-08-29T23:16Z,KXHIGHDEN-26AUG30-B91.5,DEN,B91.5,0.05,0.09,0.91,0.95,121,81,74
2026-08-29T23:16Z,KXHIGHDEN-26AUG30-T85,DEN,T85,0.07,0.08,0.92,0.93,52,81,74
2026-08-29T23:16Z,KXHIGHDEN-26AUG30-T92,DEN,T92,0.00,0.02,0.98,1.00,905,81,74
2026-08-29T23:16Z,KXHIGHMIA-26AUG29-B88.5,MIA,B88.5,0.00,0.01,0.99,1.00,22379,81,74
2026-08-29T23:16Z,KXHIGHMIA-26AUG29-B90.5,MIA,B90.5,0.00,0.02,0.98,1.00,21204,81,74
2026-08-29T23:16Z,KXHIGHMIA-26AUG29-B92.5,MIA,B92.5,0.00,0.01,0.99,1.00,15205,81,74
2026-08-29T23:16Z,KXHIGHMIA-26AUG29-B94.5,MIA,B94.5,0.00,0.01,0.99,1.00,6326,81,74
2026-08-29T23:16Z,KXHIGHMIA-26AUG29-T88,MIA,T88,0.99,1.00,0.00,0.01,32694,81,74
2026-08-29T23:16Z,KXHIGHMIA-26AUG29-T95,MIA,T95,0.00,0.01,0.99,1.00,1604,81,74
2026-08-29T23:16Z,KXHIGHMIA-26AUG30-B87.5,MIA,B87.5,0.07,0.08,0.92,0.93,336,81,74
2026-08-29T23:16Z,KXHIGHMIA-26AUG30-B89.5,MIA,B89.5,0.31,0.35,0.65,0.69,760,81,74
2026-08-29T23:16Z,KXHIGHMIA-26AUG30-B91.5,MIA,B91.5,0.44,0.45,0.55,0.56,569,81,74
2026-08-29T23:16Z,KXHIGHMIA-26AUG30-B93.5,MIA,B93.5,0.13,0.14,0.86,0.87,910,81,74
2026-08-29T23:16Z,KXHIGHMIA-26AUG30-T87,MIA,T87,0.03,0.04,0.96,0.97,1800,81,74
2026-08-29T23:16Z,KXHIGHMIA-26AUG30-T94,MIA,T94,0.01,0.02,0.98,0.99,441,81,74
2026-08-29T23:16Z,KXHIGHNY-26AUG29-B79.5,NY,B79.5,0.01,0.03,0.97,0.99,25576,81,74
2026-08-29T23:16Z,KXHIGHNY-26AUG29-B81.5,NY,B81.5,0.00,0.01,0.99,1.00,18035,81,74
2026-08-29T23:16Z,KXHIGHNY-26AUG29-B83.5,NY,B83.5,0.00,0.01,0.99,1.00,4504,81,74
2026-08-29T23:16Z,KXHIGHNY-26AUG29-B85.5,NY,B85.5,0.00,0.01,0.99,1.00,4748,81,74
2026-08-29T23:16Z,KXHIGHNY-26AUG29-T79,NY,T79,0.95,0.98,0.02,0.05,33662,81,74
2026-08-29T23:16Z,KXHIGHNY-26AUG29-T86,NY,T86,0.00,0.01,0.99,1.00,2395,81,74
2026-08-29T23:16Z,KXHIGHNY-26AUG30-B82.5,NY,B82.5,0.28,0.30,0.70,0.72,941,81,74
2026-08-29T23:16Z,KXHIGHNY-26AUG30-B84.5,NY,B84.5,0.16,0.20,0.80,0.84,1205,81,74
2026-08-29T23:16Z,KXHIGHNY-26AUG30-B86.5,NY,B86.5,0.02,0.03,0.97,0.98,611,81,74
2026-08-29T23:16Z,KXHIGHNY-26AUG30-B88.5,NY,B88.5,0.00,0.01,0.99,1.00,1097,81,74
2026-08-29T23:16Z,KXHIGHNY-26AUG30-T82,NY,T82,0.57,0.58,0.42,0.43,2421,81,74
2026-08-29T23:16Z,KXHIGHNY-26AUG30-T89,NY,T89,0.00,0.01,0.99,1.00,1014,81,74
2026-08-29T23:26Z,KXHIGHCHI-26AUG29-B80.5,CHI,B80.5,0.00,0.01,0.99,1.00,88720,81,74
2026-08-29T23:26Z,KXHIGHCHI-26AUG29-B82.5,CHI,B82.5,0.99,1.00,0.00,0.01,19714,81,74
2026-08-29T23:26Z,KXHIGHCHI-26AUG29-B84.5,CHI,B84.5,0.00,0.01,0.99,1.00,9791,81,74
2026-08-29T23:26Z,KXHIGHCHI-26AUG29-B86.5,CHI,B86.5,0.00,0.01,0.99,1.00,4100,81,74
2026-08-29T23:26Z,KXHIGHCHI-26AUG29-T80,CHI,T80,0.00,0.01,0.99,1.00,12093,81,74
2026-08-29T23:26Z,KXHIGHCHI-26AUG29-T87,CHI,T87,0.00,0.01,0.99,1.00,1441,81,74
2026-08-29T23:26Z,KXHIGHCHI-26AUG30-B86.5,CHI,B86.5,0.30,0.31,0.69,0.70,278,81,74
2026-08-29T23:26Z,KXHIGHCHI-26AUG30-B88.5,CHI,B88.5,0.20,0.21,0.79,0.80,411,81,74
2026-08-29T23:26Z,KXHIGHCHI-26AUG30-B90.5,CHI,B90.5,0.02,0.04,0.96,0.98,954,81,74
2026-08-29T23:26Z,KXHIGHCHI-26AUG30-B92.5,CHI,B92.5,0.01,0.02,0.98,0.99,418,81,74
2026-08-29T23:26Z,KXHIGHCHI-26AUG30-T86,CHI,T86,0.47,0.48,0.52,0.53,1596,81,74
2026-08-29T23:26Z,KXHIGHCHI-26AUG30-T93,CHI,T93,0.00,0.01,0.99,1.00,1049,81,74
2026-08-29T23:26Z,KXHIGHDEN-26AUG29-B90.5,DEN,B90.5,0.00,0.01,0.99,1.00,9016,81,74
2026-08-29T23:26Z,KXHIGHDEN-26AUG29-B92.5,DEN,B92.5,0.99,1.00,0.00,0.01,8347,81,74
2026-08-29T23:26Z,KXHIGHDEN-26AUG29-B94.5,DEN,B94.5,0.00,0.01,0.99,1.00,5444,81,74
2026-08-29T23:26Z,KXHIGHDEN-26AUG29-B96.5,DEN,B96.5,0.00,0.01,0.99,1.00,937,81,74
2026-08-29T23:26Z,KXHIGHDEN-26AUG29-T90,DEN,T90,0.00,0.01,0.99,1.00,4044,81,74
2026-08-29T23:26Z,KXHIGHDEN-26AUG29-T97,DEN,T97,0.00,0.01,0.99,1.00,427,81,74
2026-08-29T23:26Z,KXHIGHDEN-26AUG30-B85.5,DEN,B85.5,0.22,0.23,0.77,0.78,41,81,74
2026-08-29T23:26Z,KXHIGHDEN-26AUG30-B87.5,DEN,B87.5,0.42,0.44,0.56,0.58,316,81,74
2026-08-29T23:26Z,KXHIGHDEN-26AUG30-B89.5,DEN,B89.5,0.18,0.23,0.77,0.82,112,81,74
2026-08-29T23:26Z,KXHIGHDEN-26AUG30-B91.5,DEN,B91.5,0.05,0.09,0.91,0.95,121,81,74
2026-08-29T23:26Z,KXHIGHDEN-26AUG30-T85,DEN,T85,0.07,0.08,0.92,0.93,52,81,74
2026-08-29T23:26Z,KXHIGHDEN-26AUG30-T92,DEN,T92,0.00,0.02,0.98,1.00,905,81,74
2026-08-29T23:26Z,KXHIGHMIA-26AUG29-B88.5,MIA,B88.5,0.00,0.01,0.99,1.00,22379,81,74
2026-08-29T23:26Z,KXHIGHMIA-26AUG29-B90.5,MIA,B90.5,0.00,0.02,0.98,1.00,21204,81,74
2026-08-29T23:26Z,KXHIGHMIA-26AUG29-B92.5,MIA,B92.5,0.00,0.01,0.99,1.00,15205,81,74
2026-08-29T23:26Z,KXHIGHMIA-26AUG29-B94.5,MIA,B94.5,0.00,0.01,0.99,1.00,6326,81,74
2026-08-29T23:26Z,KXHIGHMIA-26AUG29-T88,MIA,T88,0.99,1.00,0.00,0.01,32696,81,74
2026-08-29T23:26Z,KXHIGHMIA-26AUG29-T95,MIA,T95,0.00,0.01,0.99,1.00,1604,81,74
2026-08-29T23:26Z,KXHIGHMIA-26AUG30-B87.5,MIA,B87.5,0.07,0.08,0.92,0.93,362,81,74
2026-08-29T23:26Z,KXHIGHMIA-26AUG30-B89.5,MIA,B89.5,0.31,0.35,0.65,0.69,760,81,74
2026-08-29T23:26Z,KXHIGHMIA-26AUG30-B91.5,MIA,B91.5,0.44,0.45,0.55,0.56,573,81,74
2026-08-29T23:26Z,KXHIGHMIA-26AUG30-B93.5,MIA,B93.5,0.13,0.14,0.86,0.87,910,81,74
2026-08-29T23:26Z,KXHIGHMIA-26AUG30-T87,MIA,T87,0.02,0.05,0.95,0.98,1866,81,74
2026-08-29T23:26Z,KXHIGHMIA-26AUG30-T94,MIA,T94,0.01,0.02,0.98,0.99,463,81,74
2026-08-29T23:26Z,KXHIGHNY-26AUG29-B79.5,NY,B79.5,0.01,0.03,0.97,0.99,25576,81,74
2026-08-29T23:26Z,KXHIGHNY-26AUG29-B81.5,NY,B81.5,0.00,0.01,0.99,1.00,18035,81,74
2026-08-29T23:26Z,KXHIGHNY-26AUG29-B83.5,NY,B83.5,0.00,0.01,0.99,1.00,4504,81,74
2026-08-29T23:26Z,KXHIGHNY-26AUG29-B85.5,NY,B85.5,0.00,0.01,0.99,1.00,4748,81,74
2026-08-29T23:26Z,KXHIGHNY-26AUG29-T79,NY,T79,0.95,0.98,0.02,0.05,33733,81,74
2026-08-29T23:26Z,KXHIGHNY-26AUG29-T86,NY,T86,0.00,0.01,0.99,1.00,2395,81,74
2026-08-29T23:26Z,KXHIGHNY-26AUG30-B82.5,NY,B82.5,0.28,0.29,0.71,0.72,941,81,74
2026-08-29T23:26Z,KXHIGHNY-26AUG30-B84.5,NY,B84.5,0.16,0.18,0.82,0.84,1260,81,74
2026-08-29T23:26Z,KXHIGHNY-26AUG30-B86.5,NY,B86.5,0.02,0.03,0.97,0.98,633,81,74
2026-08-29T23:26Z,KXHIGHNY-26AUG30-B88.5,NY,B88.5,0.00,0.01,0.99,1.00,1097,81,74
2026-08-29T23:26Z,KXHIGHNY-26AUG30-T82,NY,T82,0.57,0.58,0.42,0.43,2430,81,74
2026-08-29T23:26Z,KXHIGHNY-26AUG30-T89,NY,T89,0.00,0.01,0.99,1.00,1014,81,74
2026-08-29T23:36Z,KXHIGHCHI-26AUG29-B80.5,CHI,B80.5,0.00,0.01,0.99,1.00,88720,81,74
2026-08-29T23:36Z,KXHIGHCHI-26AUG29-B82.5,CHI,B82.5,0.99,1.00,0.00,0.01,19714,81,74
2026-08-29T23:36Z,KXHIGHCHI-26AUG29-B84.5,CHI,B84.5,0.00,0.01,0.99,1.00,9791,81,74
2026-08-29T23:36Z,KXHIGHCHI-26AUG29-B86.5,CHI,B86.5,0.00,0.01,0.99,1.00,4100,81,74
2026-08-29T23:36Z,KXHIGHCHI-26AUG29-T80,CHI,T80,0.00,0.01,0.99,1.00,12093,81,74
2026-08-29T23:36Z,KXHIGHCHI-26AUG29-T87,CHI,T87,0.00,0.01,0.99,1.00,1441,81,74
2026-08-29T23:36Z,KXHIGHCHI-26AUG30-B86.5,CHI,B86.5,0.30,0.31,0.69,0.70,278,81,74
2026-08-29T23:36Z,KXHIGHCHI-26AUG30-B88.5,CHI,B88.5,0.20,0.21,0.79,0.80,411,81,74
2026-08-29T23:36Z,KXHIGHCHI-26AUG30-B90.5,CHI,B90.5,0.02,0.04,0.96,0.98,954,81,74
2026-08-29T23:36Z,KXHIGHCHI-26AUG30-B92.5,CHI,B92.5,0.01,0.02,0.98,0.99,418,81,74
2026-08-29T23:36Z,KXHIGHCHI-26AUG30-T86,CHI,T86,0.47,0.48,0.52,0.53,1647,81,74
2026-08-29T23:36Z,KXHIGHCHI-26AUG30-T93,CHI,T93,0.00,0.01,0.99,1.00,1049,81,74
2026-08-29T23:36Z,KXHIGHDEN-26AUG29-B90.5,DEN,B90.5,0.00,0.01,0.99,1.00,9016,81,74
2026-08-29T23:36Z,KXHIGHDEN-26AUG29-B92.5,DEN,B92.5,0.99,1.00,0.00,0.01,8347,81,74
2026-08-29T23:36Z,KXHIGHDEN-26AUG29-B94.5,DEN,B94.5,0.00,0.01,0.99,1.00,5444,81,74
2026-08-29T23:36Z,KXHIGHDEN-26AUG29-B96.5,DEN,B96.5,0.00,0.01,0.99,1.00,937,81,74
2026-08-29T23:36Z,KXHIGHDEN-26AUG29-T90,DEN,T90,0.00,0.01,0.99,1.00,4044,81,74
2026-08-29T23:36Z,KXHIGHDEN-26AUG29-T97,DEN,T97,0.00,0.01,0.99,1.00,427,81,74
2026-08-29T23:36Z,KXHIGHDEN-26AUG30-B85.5,DEN,B85.5,0.22,0.23,0.77,0.78,41,81,74
2026-08-29T23:36Z,KXHIGHDEN-26AUG30-B87.5,DEN,B87.5,0.42,0.43,0.57,0.58,316,81,74
2026-08-29T23:36Z,KXHIGHDEN-26AUG30-B89.5,DEN,B89.5,0.18,0.23,0.77,0.82,112,81,74
2026-08-29T23:36Z,KXHIGHDEN-26AUG30-B91.5,DEN,B91.5,0.05,0.09,0.91,0.95,121,81,74
2026-08-29T23:36Z,KXHIGHDEN-26AUG30-T85,DEN,T85,0.07,0.08,0.92,0.93,52,81,74
2026-08-29T23:36Z,KXHIGHDEN-26AUG30-T92,DEN,T92,0.00,0.02,0.98,1.00,905,81,74
2026-08-29T23:36Z,KXHIGHMIA-26AUG29-B88.5,MIA,B88.5,0.00,0.01,0.99,1.00,22379,81,74
2026-08-29T23:36Z,KXHIGHMIA-26AUG29-B90.5,MIA,B90.5,0.00,0.02,0.98,1.00,21204,81,74
2026-08-29T23:36Z,KXHIGHMIA-26AUG29-B92.5,MIA,B92.5,0.00,0.01,0.99,1.00,15205,81,74
2026-08-29T23:36Z,KXHIGHMIA-26AUG29-B94.5,MIA,B94.5,0.00,0.01,0.99,1.00,6326,81,74
2026-08-29T23:36Z,KXHIGHMIA-26AUG29-T88,MIA,T88,0.99,1.00,0.00,0.01,32713,81,74
2026-08-29T23:36Z,KXHIGHMIA-26AUG29-T95,MIA,T95,0.00,0.01,0.99,1.00,1604,81,74
2026-08-29T23:36Z,KXHIGHMIA-26AUG30-B87.5,MIA,B87.5,0.07,0.08,0.92,0.93,362,81,74
2026-08-29T23:36Z,KXHIGHMIA-26AUG30-B89.5,MIA,B89.5,0.31,0.35,0.65,0.69,760,81,74
2026-08-29T23:36Z,KXHIGHMIA-26AUG30-B91.5,MIA,B91.5,0.44,0.45,0.55,0.56,576,81,74
2026-08-29T23:36Z,KXHIGHMIA-26AUG30-B93.5,MIA,B93.5,0.13,0.14,0.86,0.87,910,81,74
2026-08-29T23:36Z,KXHIGHMIA-26AUG30-T87,MIA,T87,0.02,0.04,0.96,0.98,1866,81,74
2026-08-29T23:36Z,KXHIGHMIA-26AUG30-T94,MIA,T94,0.01,0.02,0.98,0.99,463,81,74
2026-08-29T23:36Z,KXHIGHNY-26AUG29-B79.5,NY,B79.5,0.01,0.03,0.97,0.99,25576,81,74
2026-08-29T23:36Z,KXHIGHNY-26AUG29-B81.5,NY,B81.5,0.00,0.01,0.99,1.00,18035,81,74
2026-08-29T23:36Z,KXHIGHNY-26AUG29-B83.5,NY,B83.5,0.00,0.01,0.99,1.00,4504,81,74
2026-08-29T23:36Z,KXHIGHNY-26AUG29-B85.5,NY,B85.5,0.00,0.01,0.99,1.00,4748,81,74
2026-08-29T23:36Z,KXHIGHNY-26AUG29-T79,NY,T79,0.95,0.99,0.01,0.05,33834,81,74
2026-08-29T23:36Z,KXHIGHNY-26AUG29-T86,NY,T86,0.00,0.01,0.99,1.00,2395,81,74
2026-08-29T23:36Z,KXHIGHNY-26AUG30-B82.5,NY,B82.5,0.28,0.29,0.71,0.72,944,81,74
2026-08-29T23:36Z,KXHIGHNY-26AUG30-B84.5,NY,B84.5,0.17,0.18,0.82,0.83,1263,81,74
2026-08-29T23:36Z,KXHIGHNY-26AUG30-B86.5,NY,B86.5,0.02,0.03,0.97,0.98,636,81,74
2026-08-29T23:36Z,KXHIGHNY-26AUG30-B88.5,NY,B88.5,0.00,0.01,0.99,1.00,1097,81,74
2026-08-29T23:36Z,KXHIGHNY-26AUG30-T82,NY,T82,0.57,0.58,0.42,0.43,2597,81,74
2026-08-29T23:36Z,KXHIGHNY-26AUG30-T89,NY,T89,0.00,0.01,0.99,1.00,1014,81,74
2026-08-29T23:46Z,KXHIGHCHI-26AUG29-B80.5,CHI,B80.5,0.00,0.01,0.99,1.00,88722,81,74
2026-08-29T23:46Z,KXHIGHCHI-26AUG29-B82.5,CHI,B82.5,0.99,1.00,0.00,0.01,20047,81,74
2026-08-29T23:46Z,KXHIGHCHI-26AUG29-B84.5,CHI,B84.5,0.00,0.01,0.99,1.00,9791,81,74
2026-08-29T23:46Z,KXHIGHCHI-26AUG29-B86.5,CHI,B86.5,0.00,0.01,0.99,1.00,4100,81,74
2026-08-29T23:46Z,KXHIGHCHI-26AUG29-T80,CHI,T80,0.00,0.01,0.99,1.00,12093,81,74
2026-08-29T23:46Z,KXHIGHCHI-26AUG29-T87,CHI,T87,0.00,0.01,0.99,1.00,1441,81,74
2026-08-29T23:46Z,KXHIGHCHI-26AUG30-B86.5,CHI,B86.5,0.30,0.31,0.69,0.70,278,81,74
2026-08-29T23:46Z,KXHIGHCHI-26AUG30-B88.5,CHI,B88.5,0.20,0.21,0.79,0.80,411,81,74
2026-08-29T23:46Z,KXHIGHCHI-26AUG30-B90.5,CHI,B90.5,0.02,0.04,0.96,0.98,954,81,74
2026-08-29T23:46Z,KXHIGHCHI-26AUG30-B92.5,CHI,B92.5,0.01,0.02,0.98,0.99,418,81,74
2026-08-29T23:46Z,KXHIGHCHI-26AUG30-T86,CHI,T86,0.48,0.50,0.50,0.52,1650,81,74
2026-08-29T23:46Z,KXHIGHCHI-26AUG30-T93,CHI,T93,0.00,0.01,0.99,1.00,1049,81,74
2026-08-29T23:46Z,KXHIGHDEN-26AUG29-B90.5,DEN,B90.5,0.00,0.01,0.99,1.00,9016,81,74
2026-08-29T23:46Z,KXHIGHDEN-26AUG29-B92.5,DEN,B92.5,0.99,1.00,0.00,0.01,8347,81,74
2026-08-29T23:46Z,KXHIGHDEN-26AUG29-B94.5,DEN,B94.5,0.00,0.01,0.99,1.00,5444,81,74
2026-08-29T23:46Z,KXHIGHDEN-26AUG29-B96.5,DEN,B96.5,0.00,0.01,0.99,1.00,937,81,74
2026-08-29T23:46Z,KXHIGHDEN-26AUG29-T90,DEN,T90,0.00,0.01,0.99,1.00,4044,81,74
2026-08-29T23:46Z,KXHIGHDEN-26AUG29-T97,DEN,T97,0.00,0.01,0.99,1.00,427,81,74
2026-08-29T23:46Z,KXHIGHDEN-26AUG30-B85.5,DEN,B85.5,0.21,0.23,0.77,0.79,47,81,74
2026-08-29T23:46Z,KXHIGHDEN-26AUG30-B87.5,DEN,B87.5,0.42,0.43,0.57,0.58,316,81,74
2026-08-29T23:46Z,KXHIGHDEN-26AUG30-B89.5,DEN,B89.5,0.18,0.23,0.77,0.82,112,81,74
2026-08-29T23:46Z,KXHIGHDEN-26AUG30-B91.5,DEN,B91.5,0.05,0.09,0.91,0.95,121,81,74
2026-08-29T23:46Z,KXHIGHDEN-26AUG30-T85,DEN,T85,0.07,0.08,0.92,0.93,52,81,74
2026-08-29T23:46Z,KXHIGHDEN-26AUG30-T92,DEN,T92,0.00,0.02,0.98,1.00,905,81,74
2026-08-29T23:46Z,KXHIGHMIA-26AUG29-B88.5,MIA,B88.5,0.00,0.01,0.99,1.00,22379,81,74
2026-08-29T23:46Z,KXHIGHMIA-26AUG29-B90.5,MIA,B90.5,0.01,0.02,0.98,0.99,21204,81,74
2026-08-29T23:46Z,KXHIGHMIA-26AUG29-B92.5,MIA,B92.5,0.00,0.01,0.99,1.00,15205,81,74
2026-08-29T23:46Z,KXHIGHMIA-26AUG29-B94.5,MIA,B94.5,0.00,0.01,0.99,1.00,6326,81,74
2026-08-29T23:46Z,KXHIGHMIA-26AUG29-T88,MIA,T88,0.98,0.99,0.01,0.02,32754,81,74
2026-08-29T23:46Z,KXHIGHMIA-26AUG29-T95,MIA,T95,0.00,0.01,0.99,1.00,1604,81,74
2026-08-29T23:46Z,KXHIGHMIA-26AUG30-B87.5,MIA,B87.5,0.08,0.09,0.91,0.92,366,81,74
2026-08-29T23:46Z,KXHIGHMIA-26AUG30-B89.5,MIA,B89.5,0.31,0.34,0.66,0.69,786,81,74
2026-08-29T23:46Z,KXHIGHMIA-26AUG30-B91.5,MIA,B91.5,0.43,0.45,0.55,0.57,579,81,74
2026-08-29T23:46Z,KXHIGHMIA-26AUG30-B93.5,MIA,B93.5,0.13,0.14,0.86,0.87,910,81,74
2026-08-29T23:46Z,KXHIGHMIA-26AUG30-T87,MIA,T87,0.05,0.09,0.91,0.95,2420,81,74
2026-08-29T23:46Z,KXHIGHMIA-26AUG30-T94,MIA,T94,0.01,0.02,0.98,0.99,463,81,74
2026-08-29T23:46Z,KXHIGHNY-26AUG29-B79.5,NY,B79.5,0.02,0.03,0.97,0.98,25607,81,74
2026-08-29T23:46Z,KXHIGHNY-26AUG29-B81.5,NY,B81.5,0.00,0.01,0.99,1.00,18035,81,74
2026-08-29T23:46Z,KXHIGHNY-26AUG29-B83.5,NY,B83.5,0.00,0.01,0.99,1.00,4504,81,74
2026-08-29T23:46Z,KXHIGHNY-26AUG29-B85.5,NY,B85.5,0.00,0.01,0.99,1.00,4748,81,74
2026-08-29T23:46Z,KXHIGHNY-26AUG29-T79,NY,T79,0.95,0.99,0.01,0.05,33851,81,74
2026-08-29T23:46Z,KXHIGHNY-26AUG29-T86,NY,T86,0.00,0.01,0.99,1.00,2395,81,74
2026-08-29T23:46Z,KXHIGHNY-26AUG30-B82.5,NY,B82.5,0.28,0.29,0.71,0.72,954,81,74
2026-08-29T23:46Z,KXHIGHNY-26AUG30-B84.5,NY,B84.5,0.15,0.16,0.84,0.85,1277,81,74
2026-08-29T23:46Z,KXHIGHNY-26AUG30-B86.5,NY,B86.5,0.02,0.03,0.97,0.98,646,81,74
2026-08-29T23:46Z,KXHIGHNY-26AUG30-B88.5,NY,B88.5,0.00,0.01,0.99,1.00,1097,81,74
2026-08-29T23:46Z,KXHIGHNY-26AUG30-T82,NY,T82,0.59,0.60,0.40,0.41,2607,81,74
2026-08-29T23:46Z,KXHIGHNY-26AUG30-T89,NY,T89,0.00,0.01,0.99,1.00,1014,81,74
